delta_q,quality_strategy,quality_label,seed,final_L,concentration,lock_state,success,time_to_success,total_subsidy_spend,roi,final_multi_share
0.0,merchant_quality,商户侧质量优势,7300,0.03636363636363636,0.9299173553719009,B_lock,0.0,,0.0,0.0,0.0
0.0,merchant_quality,商户侧质量优势,7301,0.075,0.8612500000000001,B_lock,0.0,,0.0,0.0,0.0
0.0,merchant_quality,商户侧质量优势,7302,0.022727272727272728,0.9555785123966942,B_lock,0.0,,0.0,0.0,0.0
0.0,merchant_quality,商户侧质量优势,7303,0.0659090909090909,0.8768698347107438,B_lock,0.0,,0.0,0.0,0.0
0.0,merchant_quality,商户侧质量优势,7304,0.07045454545454545,0.8690185950413223,B_lock,0.0,,0.0,0.0,0.0
0.0,merchant_quality,商户侧质量优势,7305,0.05454545454545454,0.8968595041322314,B_lock,0.0,,0.0,0.0,0.0
0.0,merchant_quality,商户侧质量优势,7306,0.04318181818181818,0.9173657024793387,B_lock,0.0,,0.0,0.0,0.0
0.0,merchant_quality,商户侧质量优势,7307,0.04318181818181818,0.9173657024793387,B_lock,0.0,,0.0,0.0,0.0
0.0,merchant_quality,商户侧质量优势,7308,0.05909090909090909,0.888801652892562,B_lock,0.0,,0.0,0.0,0.0
0.0,merchant_quality,商户侧质量优势,7309,0.045454545454545456,0.913223140495868,B_lock,0.0,,0.0,0.0,0.0
0.0,merchant_quality,商户侧质量优势,7310,0.045454545454545456,0.913223140495868,B_lock,0.0,,0.0,0.0,0.0
0.0,merchant_quality,商户侧质量优势,7311,0.05909090909090909,0.888801652892562,B_lock,0.0,,0.0,0.0,0.0
0.0,merchant_quality,商户侧质量优势,7312,0.03409090909090909,0.9341425619834711,B_lock,0.0,,0.0,0.0,0.0
0.0,merchant_quality,商户侧质量优势,7313,0.04090909090909091,0.9215289256198347,B_lock,0.0,,0.0,0.0,0.0
0.0,merchant_quality,商户侧质量优势,7314,0.031818181818181815,0.9383884297520659,B_lock,0.0,,0.0,0.0,0.0
0.0,no_quality,无质量优势,7300,0.03636363636363636,0.9299173553719009,B_lock,0.0,,0.0,0.0,0.0
0.0,no_quality,无质量优势,7301,0.075,0.8612500000000001,B_lock,0.0,,0.0,0.0,0.0
0.0,no_quality,无质量优势,7302,0.022727272727272728,0.9555785123966942,B_lock,0.0,,0.0,0.0,0.0
0.0,no_quality,无质量优势,7303,0.0659090909090909,0.8768698347107438,B_lock,0.0,,0.0,0.0,0.0
0.0,no_quality,无质量优势,7304,0.07045454545454545,0.8690185950413223,B_lock,0.0,,0.0,0.0,0.0
0.0,no_quality,无质量优势,7305,0.05454545454545454,0.8968595041322314,B_lock,0.0,,0.0,0.0,0.0
0.0,no_quality,无质量优势,7306,0.04318181818181818,0.9173657024793387,B_lock,0.0,,0.0,0.0,0.0
0.0,no_quality,无质量优势,7307,0.04318181818181818,0.9173657024793387,B_lock,0.0,,0.0,0.0,0.0
0.0,no_quality,无质量优势,7308,0.05909090909090909,0.888801652892562,B_lock,0.0,,0.0,0.0,0.0
0.0,no_quality,无质量优势,7309,0.045454545454545456,0.913223140495868,B_lock,0.0,,0.0,0.0,0.0
0.0,no_quality,无质量优势,7310,0.045454545454545456,0.913223140495868,B_lock,0.0,,0.0,0.0,0.0
0.0,no_quality,无质量优势,7311,0.05909090909090909,0.888801652892562,B_lock,0.0,,0.0,0.0,0.0
0.0,no_quality,无质量优势,7312,0.03409090909090909,0.9341425619834711,B_lock,0.0,,0.0,0.0,0.0
0.0,no_quality,无质量优势,7313,0.04090909090909091,0.9215289256198347,B_lock,0.0,,0.0,0.0,0.0
0.0,no_quality,无质量优势,7314,0.031818181818181815,0.9383884297520659,B_lock,0.0,,0.0,0.0,0.0
0.0,quality_plus_subsidy,双边质量+少量精准补贴,7300,0.1568181818181818,0.7355475206611571,B_lock,0.0,,5600.0,-2.556818181818182e-05,0.0
0.0,quality_plus_subsidy,双边质量+少量精准补贴,7301,0.9454545454545455,0.8968595041322316,A_lock,1.0,7.0,5600.0,0.00011525974025974027,0.0
0.0,quality_plus_subsidy,双边质量+少量精准补贴,7302,0.075,0.8612500000000001,B_lock,0.0,,5600.0,-4.0178571428571427e-05,0.0
0.0,quality_plus_subsidy,双边质量+少量精准补贴,7303,0.13863636363636364,0.7611673553719007,B_lock,0.0,,5600.0,-2.8814935064935064e-05,0.0
0.0,quality_plus_subsidy,双边质量+少量精准补贴,7304,0.15227272727272728,0.7418285123966941,B_lock,0.0,,5600.0,-2.6379870129870126e-05,0.0
0.0,quality_plus_subsidy,双边质量+少量精准补贴,7305,0.14545454545454545,0.7514049586776859,B_lock,0.0,,5600.0,-2.7597402597402597e-05,0.0
0.0,quality_plus_subsidy,双边质量+少量精准补贴,7306,0.1568181818181818,0.7355475206611571,B_lock,0.0,,5600.0,-2.556818181818182e-05,0.0
0.0,quality_plus_subsidy,双边质量+少量精准补贴,7307,0.13636363636363635,0.7644628099173554,B_lock,0.0,,5600.0,-2.922077922077922e-05,0.0
0.0,quality_plus_subsidy,双边质量+少量精准补贴,7308,0.15227272727272728,0.7418285123966941,B_lock,0.0,,5600.0,-2.6379870129870126e-05,0.0
0.0,quality_plus_subsidy,双边质量+少量精准补贴,7309,0.12045454545454545,0.7881095041322315,B_lock,0.0,,5600.0,-3.206168831168831e-05,0.0
0.0,quality_plus_subsidy,双边质量+少量精准补贴,7310,0.11818181818181817,0.7915702479338844,B_lock,0.0,,5600.0,-3.246753246753247e-05,0.0
0.0,quality_plus_subsidy,双边质量+少量精准补贴,7311,0.10681818181818181,0.8091838842975208,B_lock,0.0,,5600.0,-3.449675324675324e-05,0.0
0.0,quality_plus_subsidy,双边质量+少量精准补贴,7312,0.08181818181818182,0.8497520661157025,B_lock,0.0,,5600.0,-3.896103896103896e-05,0.0
0.0,quality_plus_subsidy,双边质量+少量精准补贴,7313,0.09545454545454546,0.8273140495867768,B_lock,0.0,,5600.0,-3.6525974025974026e-05,0.0
0.0,quality_plus_subsidy,双边质量+少量精准补贴,7314,0.09090909090909091,0.8347107438016528,B_lock,0.0,,5600.0,-3.7337662337662335e-05,0.0
0.0,two_sided_quality,双边质量优势,7300,0.03636363636363636,0.9299173553719009,B_lock,0.0,,0.0,0.0,0.0
0.0,two_sided_quality,双边质量优势,7301,0.075,0.8612500000000001,B_lock,0.0,,0.0,0.0,0.0
0.0,two_sided_quality,双边质量优势,7302,0.022727272727272728,0.9555785123966942,B_lock,0.0,,0.0,0.0,0.0
0.0,two_sided_quality,双边质量优势,7303,0.0659090909090909,0.8768698347107438,B_lock,0.0,,0.0,0.0,0.0
0.0,two_sided_quality,双边质量优势,7304,0.07045454545454545,0.8690185950413223,B_lock,0.0,,0.0,0.0,0.0
0.0,two_sided_quality,双边质量优势,7305,0.05454545454545454,0.8968595041322314,B_lock,0.0,,0.0,0.0,0.0
0.0,two_sided_quality,双边质量优势,7306,0.04318181818181818,0.9173657024793387,B_lock,0.0,,0.0,0.0,0.0
0.0,two_sided_quality,双边质量优势,7307,0.04318181818181818,0.9173657024793387,B_lock,0.0,,0.0,0.0,0.0
0.0,two_sided_quality,双边质量优势,7308,0.05909090909090909,0.888801652892562,B_lock,0.0,,0.0,0.0,0.0
0.0,two_sided_quality,双边质量优势,7309,0.045454545454545456,0.913223140495868,B_lock,0.0,,0.0,0.0,0.0
0.0,two_sided_quality,双边质量优势,7310,0.045454545454545456,0.913223140495868,B_lock,0.0,,0.0,0.0,0.0
0.0,two_sided_quality,双边质量优势,7311,0.05909090909090909,0.888801652892562,B_lock,0.0,,0.0,0.0,0.0
0.0,two_sided_quality,双边质量优势,7312,0.03409090909090909,0.9341425619834711,B_lock,0.0,,0.0,0.0,0.0
0.0,two_sided_quality,双边质量优势,7313,0.04090909090909091,0.9215289256198347,B_lock,0.0,,0.0,0.0,0.0
0.0,two_sided_quality,双边质量优势,7314,0.031818181818181815,0.9383884297520659,B_lock,0.0,,0.0,0.0,0.0
0.0,user_quality,用户侧质量优势,7300,0.03636363636363636,0.9299173553719009,B_lock,0.0,,0.0,0.0,0.0
0.0,user_quality,用户侧质量优势,7301,0.075,0.8612500000000001,B_lock,0.0,,0.0,0.0,0.0
0.0,user_quality,用户侧质量优势,7302,0.022727272727272728,0.9555785123966942,B_lock,0.0,,0.0,0.0,0.0
0.0,user_quality,用户侧质量优势,7303,0.0659090909090909,0.8768698347107438,B_lock,0.0,,0.0,0.0,0.0
0.0,user_quality,用户侧质量优势,7304,0.07045454545454545,0.8690185950413223,B_lock,0.0,,0.0,0.0,0.0
0.0,user_quality,用户侧质量优势,7305,0.05454545454545454,0.8968595041322314,B_lock,0.0,,0.0,0.0,0.0
0.0,user_quality,用户侧质量优势,7306,0.04318181818181818,0.9173657024793387,B_lock,0.0,,0.0,0.0,0.0
0.0,user_quality,用户侧质量优势,7307,0.04318181818181818,0.9173657024793387,B_lock,0.0,,0.0,0.0,0.0
0.0,user_quality,用户侧质量优势,7308,0.05909090909090909,0.888801652892562,B_lock,0.0,,0.0,0.0,0.0
0.0,user_quality,用户侧质量优势,7309,0.045454545454545456,0.913223140495868,B_lock,0.0,,0.0,0.0,0.0
0.0,user_quality,用户侧质量优势,7310,0.045454545454545456,0.913223140495868,B_lock,0.0,,0.0,0.0,0.0
0.0,user_quality,用户侧质量优势,7311,0.05909090909090909,0.888801652892562,B_lock,0.0,,0.0,0.0,0.0
0.0,user_quality,用户侧质量优势,7312,0.03409090909090909,0.9341425619834711,B_lock,0.0,,0.0,0.0,0.0
0.0,user_quality,用户侧质量优势,7313,0.04090909090909091,0.9215289256198347,B_lock,0.0,,0.0,0.0,0.0
0.0,user_quality,用户侧质量优势,7314,0.031818181818181815,0.9383884297520659,B_lock,0.0,,0.0,0.0,0.0
0.25,merchant_quality,商户侧质量优势,7300,0.075,0.8612500000000001,B_lock,0.0,,0.0,0.0,0.0
0.25,merchant_quality,商户侧质量优势,7301,0.11363636363636365,0.7985537190082646,B_lock,0.0,,0.0,0.0,0.0
0.25,merchant_quality,商户侧质量优势,7302,0.04090909090909091,0.9215289256198347,B_lock,0.0,,0.0,0.0,0.0
0.25,merchant_quality,商户侧质量优势,7303,0.075,0.8612500000000001,B_lock,0.0,,0.0,0.0,0.0
0.25,merchant_quality,商户侧质量优势,7304,0.07954545454545454,0.8535640495867768,B_lock,0.0,,0.0,0.0,0.0
0.25,merchant_quality,商户侧质量优势,7305,0.07727272727272727,0.8573966942148761,B_lock,0.0,,0.0,0.0,0.0
0.25,merchant_quality,商户侧质量优势,7306,0.08863636363636364,0.8384400826446281,B_lock,0.0,,0.0,0.0,0.0
0.25,merchant_quality,商户侧质量优势,7307,0.05227272727272727,0.9009194214876033,B_lock,0.0,,0.0,0.0,0.0
0.25,merchant_quality,商户侧质量优势,7308,0.08409090909090909,0.8459607438016528,B_lock,0.0,,0.0,0.0,0.0
0.25,merchant_quality,商户侧质量优势,7309,0.052272727272727276,0.9009194214876033,B_lock,0.0,,0.0,0.0,0.0
0.25,merchant_quality,商户侧质量优势,7310,0.04772727272727273,0.9091012396694216,B_lock,0.0,,0.0,0.0,0.0
0.25,merchant_quality,商户侧质量优势,7311,0.07045454545454545,0.8690185950413223,B_lock,0.0,,0.0,0.0,0.0
0.25,merchant_quality,商户侧质量优势,7312,0.06363636363636363,0.8808264462809918,B_lock,0.0,,0.0,0.0,0.0
0.25,merchant_quality,商户侧质量优势,7313,0.0659090909090909,0.8768698347107438,B_lock,0.0,,0.0,0.0,0.0
0.25,merchant_quality,商户侧质量优势,7314,0.05454545454545455,0.8968595041322314,B_lock,0.0,,0.0,0.0,0.0
0.25,no_quality,无质量优势,7300,0.03636363636363636,0.9299173553719009,B_lock,0.0,,0.0,0.0,0.0
0.25,no_quality,无质量优势,7301,0.075,0.8612500000000001,B_lock,0.0,,0.0,0.0,0.0
0.25,no_quality,无质量优势,7302,0.022727272727272728,0.9555785123966942,B_lock,0.0,,0.0,0.0,0.0
0.25,no_quality,无质量优势,7303,0.0659090909090909,0.8768698347107438,B_lock,0.0,,0.0,0.0,0.0
0.25,no_quality,无质量优势,7304,0.07045454545454545,0.8690185950413223,B_lock,0.0,,0.0,0.0,0.0
0.25,no_quality,无质量优势,7305,0.05454545454545454,0.8968595041322314,B_lock,0.0,,0.0,0.0,0.0
0.25,no_quality,无质量优势,7306,0.04318181818181818,0.9173657024793387,B_lock,0.0,,0.0,0.0,0.0
0.25,no_quality,无质量优势,7307,0.04318181818181818,0.9173657024793387,B_lock,0.0,,0.0,0.0,0.0
0.25,no_quality,无质量优势,7308,0.05909090909090909,0.888801652892562,B_lock,0.0,,0.0,0.0,0.0
0.25,no_quality,无质量优势,7309,0.045454545454545456,0.913223140495868,B_lock,0.0,,0.0,0.0,0.0
0.25,no_quality,无质量优势,7310,0.045454545454545456,0.913223140495868,B_lock,0.0,,0.0,0.0,0.0
0.25,no_quality,无质量优势,7311,0.05909090909090909,0.888801652892562,B_lock,0.0,,0.0,0.0,0.0
0.25,no_quality,无质量优势,7312,0.03409090909090909,0.9341425619834711,B_lock,0.0,,0.0,0.0,0.0
0.25,no_quality,无质量优势,7313,0.04090909090909091,0.9215289256198347,B_lock,0.0,,0.0,0.0,0.0
0.25,no_quality,无质量优势,7314,0.031818181818181815,0.9383884297520659,B_lock,0.0,,0.0,0.0,0.0
0.25,quality_plus_subsidy,双边质量+少量精准补贴,7300,0.9659090909090909,0.9341425619834711,A_lock,1.0,2.0,5600.0,0.00011891233766233768,0.0
0.25,quality_plus_subsidy,双边质量+少量精准补贴,7301,0.9545454545454546,0.913223140495868,A_lock,1.0,2.0,5600.0,0.00011688311688311689,0.0
0.25,quality_plus_subsidy,双边质量+少量精准补贴,7302,0.9659090909090908,0.9341425619834709,A_lock,1.0,2.0,5440.0,0.00012240975935828876,0.0
0.25,quality_plus_subsidy,双边质量+少量精准补贴,7303,0.9750000000000001,0.9512500000000002,A_lock,1.0,2.0,5600.0,0.0001205357142857143,0.0
0.25,quality_plus_subsidy,双边质量+少量精准补贴,7304,0.9568181818181818,0.9173657024793387,A_lock,1.0,2.0,5600.0,0.00011728896103896102,0.0
0.25,quality_plus_subsidy,双边质量+少量精准补贴,7305,0.9659090909090908,0.9341425619834709,A_lock,1.0,4.0,5600.0,0.00011891233766233764,0.0
0.25,quality_plus_subsidy,双边质量+少量精准补贴,7306,0.9863636363636363,0.9730991735537189,A_lock,1.0,2.0,5520.0,0.00012434123847167324,0.0
0.25,quality_plus_subsidy,双边质量+少量精准补贴,7307,0.9613636363636364,0.9257128099173555,A_lock,1.0,2.0,5600.0,0.00011810064935064935,0.0
0.25,quality_plus_subsidy,双边质量+少量精准补贴,7308,0.9727272727272728,0.9469421487603307,A_lock,1.0,2.0,5600.0,0.00012012987012987015,0.0
0.25,quality_plus_subsidy,双边质量+少量精准补贴,7309,0.9704545454545455,0.942654958677686,A_lock,1.0,2.0,5600.0,0.00011972402597402597,0.0
0.25,quality_plus_subsidy,双边质量+少量精准补贴,7310,0.9727272727272728,0.9469421487603307,A_lock,1.0,2.0,5600.0,0.00012012987012987015,0.0
0.25,quality_plus_subsidy,双边质量+少量精准补贴,7311,0.9818181818181819,0.9642975206611573,A_lock,1.0,2.0,5600.0,0.00012175324675324677,0.0
0.25,quality_plus_subsidy,双边质量+少量精准补贴,7312,0.9659090909090909,0.9341425619834711,A_lock,1.0,2.0,5600.0,0.00011891233766233768,0.0
0.25,quality_plus_subsidy,双边质量+少量精准补贴,7313,0.9863636363636363,0.9730991735537189,A_lock,1.0,2.0,5600.0,0.00012256493506493504,0.0
0.25,quality_plus_subsidy,双边质量+少量精准补贴,7314,0.9863636363636363,0.9730991735537189,A_lock,1.0,2.0,5600.0,0.00012256493506493504,0.0
0.25,two_sided_quality,双边质量优势,7300,0.09772727272727272,0.8236466942148761,B_lock,0.0,,0.0,0.0,0.0
0.25,two_sided_quality,双边质量优势,7301,0.14772727272727273,0.7481921487603307,B_lock,0.0,,0.0,0.0,0.0
0.25,two_sided_quality,双边质量优势,7302,0.045454545454545456,0.913223140495868,B_lock,0.0,,0.0,0.0,0.0
0.25,two_sided_quality,双边质量优势,7303,0.08636363636363636,0.842190082644628,B_lock,0.0,,0.0,0.0,0.0
0.25,two_sided_quality,双边质量优势,7304,0.09090909090909091,0.8347107438016528,B_lock,0.0,,0.0,0.0,0.0
0.25,two_sided_quality,双边质量优势,7305,0.08409090909090908,0.8459607438016528,B_lock,0.0,,0.0,0.0,0.0
0.25,two_sided_quality,双边质量优势,7306,0.09318181818181819,0.8310020661157025,B_lock,0.0,,0.0,0.0,0.0
0.25,two_sided_quality,双边质量优势,7307,0.06818181818181818,0.8729338842975207,B_lock,0.0,,0.0,0.0,0.0
0.25,two_sided_quality,双边质量优势,7308,0.09999999999999999,0.8200000000000001,B_lock,0.0,,0.0,0.0,0.0
0.25,two_sided_quality,双边质量优势,7309,0.05681818181818182,0.8928202479338843,B_lock,0.0,,0.0,0.0,0.0
0.25,two_sided_quality,双边质量优势,7310,0.06136363636363636,0.8848037190082645,B_lock,0.0,,0.0,0.0,0.0
0.25,two_sided_quality,双边质量优势,7311,0.075,0.8612500000000001,B_lock,0.0,,0.0,0.0,0.0
0.25,two_sided_quality,双边质量优势,7312,0.07727272727272727,0.8573966942148761,B_lock,0.0,,0.0,0.0,0.0
0.25,two_sided_quality,双边质量优势,7313,0.07045454545454545,0.8690185950413223,B_lock,0.0,,0.0,0.0,0.0
0.25,two_sided_quality,双边质量优势,7314,0.0659090909090909,0.8768698347107438,B_lock,0.0,,0.0,0.0,0.0
0.25,user_quality,用户侧质量优势,7300,0.04772727272727272,0.9091012396694216,B_lock,0.0,,0.0,0.0,0.0
0.25,user_quality,用户侧质量优势,7301,0.10681818181818181,0.8091838842975208,B_lock,0.0,,0.0,0.0,0.0
0.25,user_quality,用户侧质量优势,7302,0.024999999999999998,0.9512499999999999,B_lock,0.0,,0.0,0.0,0.0
0.25,user_quality,用户侧质量优势,7303,0.06818181818181818,0.8729338842975207,B_lock,0.0,,0.0,0.0,0.0
0.25,user_quality,用户侧质量优势,7304,0.07954545454545453,0.8535640495867768,B_lock,0.0,,0.0,0.0,0.0
0.25,user_quality,用户侧质量优势,7305,0.05909090909090909,0.888801652892562,B_lock,0.0,,0.0,0.0,0.0
0.25,user_quality,用户侧质量优势,7306,0.05681818181818182,0.8928202479338843,B_lock,0.0,,0.0,0.0,0.0
0.25,user_quality,用户侧质量优势,7307,0.05227272727272727,0.9009194214876033,B_lock,0.0,,0.0,0.0,0.0
0.25,user_quality,用户侧质量优势,7308,0.07272727272727272,0.8651239669421487,B_lock,0.0,,0.0,0.0,0.0
0.25,user_quality,用户侧质量优势,7309,0.052272727272727276,0.9009194214876033,B_lock,0.0,,0.0,0.0,0.0
0.25,user_quality,用户侧质量优势,7310,0.05227272727272727,0.9009194214876033,B_lock,0.0,,0.0,0.0,0.0
0.25,user_quality,用户侧质量优势,7311,0.06136363636363636,0.8848037190082645,B_lock,0.0,,0.0,0.0,0.0
0.25,user_quality,用户侧质量优势,7312,0.045454545454545456,0.913223140495868,B_lock,0.0,,0.0,0.0,0.0
0.25,user_quality,用户侧质量优势,7313,0.04318181818181818,0.9173657024793387,B_lock,0.0,,0.0,0.0,0.0
0.25,user_quality,用户侧质量优势,7314,0.03636363636363636,0.9299173553719009,B_lock,0.0,,0.0,0.0,0.0
0.5,merchant_quality,商户侧质量优势,7300,0.08636363636363636,0.842190082644628,B_lock,0.0,,0.0,0.0,0.0
0.5,merchant_quality,商户侧质量优势,7301,0.15227272727272728,0.7418285123966941,B_lock,0.0,,0.0,0.0,0.0
0.5,merchant_quality,商户侧质量优势,7302,0.052272727272727276,0.9009194214876033,B_lock,0.0,,0.0,0.0,0.0
0.5,merchant_quality,商户侧质量优势,7303,0.09545454545454546,0.8273140495867768,B_lock,0.0,,0.0,0.0,0.0
0.5,merchant_quality,商户侧质量优势,7304,0.09318181818181819,0.8310020661157025,B_lock,0.0,,0.0,0.0,0.0
0.5,merchant_quality,商户侧质量优势,7305,0.08636363636363636,0.842190082644628,B_lock,0.0,,0.0,0.0,0.0
0.5,merchant_quality,商户侧质量优势,7306,0.10681818181818183,0.8091838842975208,B_lock,0.0,,0.0,0.0,0.0
0.5,merchant_quality,商户侧质量优势,7307,0.09545454545454544,0.8273140495867768,B_lock,0.0,,0.0,0.0,0.0
0.5,merchant_quality,商户侧质量优势,7308,0.12045454545454545,0.7881095041322315,B_lock,0.0,,0.0,0.0,0.0
0.5,merchant_quality,商户侧质量优势,7309,0.06136363636363636,0.8848037190082645,B_lock,0.0,,0.0,0.0,0.0
0.5,merchant_quality,商户侧质量优势,7310,0.0659090909090909,0.8768698347107438,B_lock,0.0,,0.0,0.0,0.0
0.5,merchant_quality,商户侧质量优势,7311,0.08636363636363636,0.842190082644628,B_lock,0.0,,0.0,0.0,0.0
0.5,merchant_quality,商户侧质量优势,7312,0.075,0.8612500000000001,B_lock,0.0,,0.0,0.0,0.0
0.5,merchant_quality,商户侧质量优势,7313,0.09090909090909091,0.8347107438016528,B_lock,0.0,,0.0,0.0,0.0
0.5,merchant_quality,商户侧质量优势,7314,0.06136363636363636,0.8848037190082645,B_lock,0.0,,0.0,0.0,0.0
0.5,no_quality,无质量优势,7300,0.03636363636363636,0.9299173553719009,B_lock,0.0,,0.0,0.0,0.0
0.5,no_quality,无质量优势,7301,0.075,0.8612500000000001,B_lock,0.0,,0.0,0.0,0.0
0.5,no_quality,无质量优势,7302,0.022727272727272728,0.9555785123966942,B_lock,0.0,,0.0,0.0,0.0
0.5,no_quality,无质量优势,7303,0.0659090909090909,0.8768698347107438,B_lock,0.0,,0.0,0.0,0.0
0.5,no_quality,无质量优势,7304,0.07045454545454545,0.8690185950413223,B_lock,0.0,,0.0,0.0,0.0
0.5,no_quality,无质量优势,7305,0.05454545454545454,0.8968595041322314,B_lock,0.0,,0.0,0.0,0.0
0.5,no_quality,无质量优势,7306,0.04318181818181818,0.9173657024793387,B_lock,0.0,,0.0,0.0,0.0
0.5,no_quality,无质量优势,7307,0.04318181818181818,0.9173657024793387,B_lock,0.0,,0.0,0.0,0.0
0.5,no_quality,无质量优势,7308,0.05909090909090909,0.888801652892562,B_lock,0.0,,0.0,0.0,0.0
0.5,no_quality,无质量优势,7309,0.045454545454545456,0.913223140495868,B_lock,0.0,,0.0,0.0,0.0
0.5,no_quality,无质量优势,7310,0.045454545454545456,0.913223140495868,B_lock,0.0,,0.0,0.0,0.0
0.5,no_quality,无质量优势,7311,0.05909090909090909,0.888801652892562,B_lock,0.0,,0.0,0.0,0.0
0.5,no_quality,无质量优势,7312,0.03409090909090909,0.9341425619834711,B_lock,0.0,,0.0,0.0,0.0
0.5,no_quality,无质量优势,7313,0.04090909090909091,0.9215289256198347,B_lock,0.0,,0.0,0.0,0.0
0.5,no_quality,无质量优势,7314,0.031818181818181815,0.9383884297520659,B_lock,0.0,,0.0,0.0,0.0
0.5,quality_plus_subsidy,双边质量+少量精准补贴,7300,0.9750000000000001,0.9512500000000002,A_lock,1.0,2.0,5600.0,0.0001205357142857143,0.0
0.5,quality_plus_subsidy,双边质量+少量精准补贴,7301,0.9704545454545455,0.942654958677686,A_lock,1.0,2.0,5600.0,0.00011972402597402597,0.0
0.5,quality_plus_subsidy,双边质量+少量精准补贴,7302,0.9818181818181819,0.9642975206611573,A_lock,1.0,1.0,5200.0,0.00013111888111888112,0.0
0.5,quality_plus_subsidy,双边质量+少量精准补贴,7303,0.9818181818181818,0.964297520661157,A_lock,1.0,1.0,5520.0,0.00012351778656126484,0.0
0.5,quality_plus_subsidy,双边质量+少量精准补贴,7304,0.9681818181818183,0.9383884297520662,A_lock,1.0,1.0,5520.0,0.00012104743083003953,0.0
0.5,quality_plus_subsidy,双边质量+少量精准补贴,7305,0.9840909090909091,0.9686880165289258,A_lock,1.0,2.0,5600.0,0.0001221590909090909,0.0
0.5,quality_plus_subsidy,双边质量+少量精准补贴,7306,0.9863636363636363,0.9730991735537189,A_lock,1.0,2.0,5520.0,0.00012434123847167324,0.0
0.5,quality_plus_subsidy,双边质量+少量精准补贴,7307,0.9659090909090909,0.9341425619834711,A_lock,1.0,1.0,5600.0,0.00011891233766233768,0.0
0.5,quality_plus_subsidy,双边质量+少量精准补贴,7308,0.9772727272727273,0.9555785123966942,A_lock,1.0,1.0,5600.0,0.00012094155844155844,0.0
0.5,quality_plus_subsidy,双边质量+少量精准补贴,7309,0.9818181818181818,0.964297520661157,A_lock,1.0,2.0,5600.0,0.00012175324675324677,0.0
0.5,quality_plus_subsidy,双边质量+少量精准补贴,7310,0.9863636363636363,0.9730991735537189,A_lock,1.0,2.0,5440.0,0.00012616978609625667,0.0
0.5,quality_plus_subsidy,双边质量+少量精准补贴,7311,0.9818181818181818,0.964297520661157,A_lock,1.0,2.0,5600.0,0.00012175324675324677,0.0
0.5,quality_plus_subsidy,双边质量+少量精准补贴,7312,0.9772727272727273,0.9555785123966942,A_lock,1.0,2.0,5600.0,0.00012094155844155844,0.0
0.5,quality_plus_subsidy,双边质量+少量精准补贴,7313,0.9931818181818182,0.986456611570248,A_lock,1.0,2.0,5600.0,0.0001237824675324675,0.0
0.5,quality_plus_subsidy,双边质量+少量精准补贴,7314,0.990909090909091,0.9819834710743802,A_lock,1.0,2.0,5600.0,0.00012337662337662337,0.0
0.5,two_sided_quality,双边质量优势,7300,0.9750000000000001,0.9512500000000002,A_lock,1.0,5.0,0.0,0.0,0.0
0.5,two_sided_quality,双边质量优势,7301,0.9636363636363636,0.9299173553719009,A_lock,1.0,4.0,0.0,0.0,0.0
0.5,two_sided_quality,双边质量优势,7302,0.9818181818181819,0.9642975206611573,A_lock,1.0,3.0,0.0,0.0,0.0
0.5,two_sided_quality,双边质量优势,7303,0.9818181818181818,0.964297520661157,A_lock,1.0,3.0,0.0,0.0,0.0
0.5,two_sided_quality,双边质量优势,7304,0.9681818181818183,0.9383884297520662,A_lock,1.0,55.0,0.0,0.0,0.0
0.5,two_sided_quality,双边质量优势,7305,0.16363636363636364,0.7262809917355373,B_lock,0.0,,0.0,0.0,0.0
0.5,two_sided_quality,双边质量优势,7306,0.9863636363636363,0.9730991735537189,A_lock,1.0,55.0,0.0,0.0,0.0
0.5,two_sided_quality,双边质量优势,7307,0.9613636363636364,0.9257128099173555,A_lock,1.0,3.0,0.0,0.0,0.0
0.5,two_sided_quality,双边质量优势,7308,0.9772727272727273,0.9555785123966942,A_lock,1.0,3.0,0.0,0.0,0.0
0.5,two_sided_quality,双边质量优势,7309,0.9818181818181818,0.964297520661157,A_lock,1.0,6.0,0.0,0.0,0.0
0.5,two_sided_quality,双边质量优势,7310,0.9863636363636363,0.9730991735537189,A_lock,1.0,3.0,0.0,0.0,0.0
0.5,two_sided_quality,双边质量优势,7311,0.9818181818181818,0.964297520661157,A_lock,1.0,17.0,0.0,0.0,0.0
0.5,two_sided_quality,双边质量优势,7312,0.10681818181818181,0.8091838842975208,B_lock,0.0,,0.0,0.0,0.0
0.5,two_sided_quality,双边质量优势,7313,0.9931818181818182,0.986456611570248,A_lock,1.0,6.0,0.0,0.0,0.0
0.5,two_sided_quality,双边质量优势,7314,0.1159090909090909,0.795051652892562,B_lock,0.0,,0.0,0.0,0.0
0.5,user_quality,用户侧质量优势,7300,0.07272727272727272,0.8651239669421487,B_lock,0.0,,0.0,0.0,0.0
0.5,user_quality,用户侧质量优势,7301,0.12954545454545452,0.7744731404958678,B_lock,0.0,,0.0,0.0,0.0
0.5,user_quality,用户侧质量优势,7302,0.031818181818181815,0.9383884297520659,B_lock,0.0,,0.0,0.0,0.0
0.5,user_quality,用户侧质量优势,7303,0.08863636363636364,0.8384400826446281,B_lock,0.0,,0.0,0.0,0.0
0.5,user_quality,用户侧质量优势,7304,0.08636363636363636,0.842190082644628,B_lock,0.0,,0.0,0.0,0.0
0.5,user_quality,用户侧质量优势,7305,0.09090909090909091,0.8347107438016528,B_lock,0.0,,0.0,0.0,0.0
0.5,user_quality,用户侧质量优势,7306,0.08181818181818182,0.8497520661157025,B_lock,0.0,,0.0,0.0,0.0
0.5,user_quality,用户侧质量优势,7307,0.07727272727272727,0.8573966942148761,B_lock,0.0,,0.0,0.0,0.0
0.5,user_quality,用户侧质量优势,7308,0.09545454545454546,0.8273140495867768,B_lock,0.0,,0.0,0.0,0.0
0.5,user_quality,用户侧质量优势,7309,0.06590909090909092,0.8768698347107438,B_lock,0.0,,0.0,0.0,0.0
0.5,user_quality,用户侧质量优势,7310,0.06818181818181818,0.8729338842975207,B_lock,0.0,,0.0,0.0,0.0
0.5,user_quality,用户侧质量优势,7311,0.075,0.8612500000000001,B_lock,0.0,,0.0,0.0,0.0
0.5,user_quality,用户侧质量优势,7312,0.05909090909090908,0.888801652892562,B_lock,0.0,,0.0,0.0,0.0
0.5,user_quality,用户侧质量优势,7313,0.07954545454545454,0.8535640495867768,B_lock,0.0,,0.0,0.0,0.0
0.5,user_quality,用户侧质量优势,7314,0.052272727272727276,0.9009194214876033,B_lock,0.0,,0.0,0.0,0.0
0.75,merchant_quality,商户侧质量优势,7300,0.14772727272727273,0.7481921487603307,B_lock,0.0,,0.0,0.0,0.0
0.75,merchant_quality,商户侧质量优势,7301,0.20227272727272727,0.6772830578512397,coexist,0.0,,0.0,0.0,0.0
0.75,merchant_quality,商户侧质量优势,7302,0.0659090909090909,0.8768698347107438,B_lock,0.0,,0.0,0.0,0.0
0.75,merchant_quality,商户侧质量优势,7303,0.12045454545454545,0.7881095041322315,B_lock,0.0,,0.0,0.0,0.0
0.75,merchant_quality,商户侧质量优势,7304,0.14772727272727273,0.7481921487603307,B_lock,0.0,,0.0,0.0,0.0
0.75,merchant_quality,商户侧质量优势,7305,0.1181818181818182,0.7915702479338844,B_lock,0.0,,0.0,0.0,0.0
0.75,merchant_quality,商户侧质量优势,7306,0.12727272727272726,0.7778512396694216,B_lock,0.0,,0.0,0.0,0.0
0.75,merchant_quality,商户侧质量优势,7307,0.15454545454545454,0.7386776859504132,B_lock,0.0,,0.0,0.0,0.0
0.75,merchant_quality,商户侧质量优势,7308,0.16818181818181815,0.7202066115702479,B_lock,0.0,,0.0,0.0,0.0
0.75,merchant_quality,商户侧质量优势,7309,0.08863636363636364,0.8384400826446281,B_lock,0.0,,0.0,0.0,0.0
0.75,merchant_quality,商户侧质量优势,7310,0.09318181818181817,0.8310020661157025,B_lock,0.0,,0.0,0.0,0.0
0.75,merchant_quality,商户侧质量优势,7311,0.12272727272727273,0.7846694214876033,B_lock,0.0,,0.0,0.0,0.0
0.75,merchant_quality,商户侧质量优势,7312,0.08863636363636362,0.8384400826446281,B_lock,0.0,,0.0,0.0,0.0
0.75,merchant_quality,商户侧质量优势,7313,0.1090909090909091,0.8056198347107437,B_lock,0.0,,0.0,0.0,0.0
0.75,merchant_quality,商户侧质量优势,7314,0.08863636363636364,0.8384400826446281,B_lock,0.0,,0.0,0.0,0.0
0.75,no_quality,无质量优势,7300,0.03636363636363636,0.9299173553719009,B_lock,0.0,,0.0,0.0,0.0
0.75,no_quality,无质量优势,7301,0.075,0.8612500000000001,B_lock,0.0,,0.0,0.0,0.0
0.75,no_quality,无质量优势,7302,0.022727272727272728,0.9555785123966942,B_lock,0.0,,0.0,0.0,0.0
0.75,no_quality,无质量优势,7303,0.0659090909090909,0.8768698347107438,B_lock,0.0,,0.0,0.0,0.0
0.75,no_quality,无质量优势,7304,0.07045454545454545,0.8690185950413223,B_lock,0.0,,0.0,0.0,0.0
0.75,no_quality,无质量优势,7305,0.05454545454545454,0.8968595041322314,B_lock,0.0,,0.0,0.0,0.0
0.75,no_quality,无质量优势,7306,0.04318181818181818,0.9173657024793387,B_lock,0.0,,0.0,0.0,0.0
0.75,no_quality,无质量优势,7307,0.04318181818181818,0.9173657024793387,B_lock,0.0,,0.0,0.0,0.0
0.75,no_quality,无质量优势,7308,0.05909090909090909,0.888801652892562,B_lock,0.0,,0.0,0.0,0.0
0.75,no_quality,无质量优势,7309,0.045454545454545456,0.913223140495868,B_lock,0.0,,0.0,0.0,0.0
0.75,no_quality,无质量优势,7310,0.045454545454545456,0.913223140495868,B_lock,0.0,,0.0,0.0,0.0
0.75,no_quality,无质量优势,7311,0.05909090909090909,0.888801652892562,B_lock,0.0,,0.0,0.0,0.0
0.75,no_quality,无质量优势,7312,0.03409090909090909,0.9341425619834711,B_lock,0.0,,0.0,0.0,0.0
0.75,no_quality,无质量优势,7313,0.04090909090909091,0.9215289256198347,B_lock,0.0,,0.0,0.0,0.0
0.75,no_quality,无质量优势,7314,0.031818181818181815,0.9383884297520659,B_lock,0.0,,0.0,0.0,0.0
0.75,quality_plus_subsidy,双边质量+少量精准补贴,7300,0.9931818181818182,0.986456611570248,A_lock,1.0,1.0,5440.0,0.00012742312834224597,0.0
0.75,quality_plus_subsidy,双边质量+少量精准补贴,7301,0.9704545454545455,0.942654958677686,A_lock,1.0,1.0,5520.0,0.00012145915678524374,0.0
0.75,quality_plus_subsidy,双边质量+少量精准补贴,7302,0.9863636363636363,0.9730991735537189,A_lock,1.0,1.0,5200.0,0.00013199300699300698,0.0
0.75,quality_plus_subsidy,双边质量+少量精准补贴,7303,0.9863636363636363,0.9730991735537189,A_lock,1.0,1.0,5360.0,0.0001280529172320217,0.0
0.75,quality_plus_subsidy,双边质量+少量精准补贴,7304,0.9863636363636363,0.9730991735537189,A_lock,1.0,1.0,5280.0,0.00012999311294765837,0.0
0.75,quality_plus_subsidy,双边质量+少量精准补贴,7305,0.9931818181818182,0.986456611570248,A_lock,1.0,2.0,5440.0,0.00012742312834224597,0.0
0.75,quality_plus_subsidy,双边质量+少量精准补贴,7306,0.9954545454545455,0.9909504132231406,A_lock,1.0,1.0,5440.0,0.0001278409090909091,0.0
0.75,quality_plus_subsidy,双边质量+少量精准补贴,7307,0.9750000000000001,0.9512500000000002,A_lock,1.0,1.0,5520.0,0.00012228260869565218,0.0
0.75,quality_plus_subsidy,双边质量+少量精准补贴,7308,0.990909090909091,0.9819834710743802,A_lock,1.0,1.0,5440.0,0.0001270053475935829,0.0
0.75,quality_plus_subsidy,双边质量+少量精准补贴,7309,0.9818181818181818,0.964297520661157,A_lock,1.0,1.0,5440.0,0.0001253342245989305,0.0
0.75,quality_plus_subsidy,双边质量+少量精准补贴,7310,0.9863636363636363,0.9730991735537189,A_lock,1.0,1.0,5280.0,0.00012999311294765837,0.0
0.75,quality_plus_subsidy,双边质量+少量精准补贴,7311,0.990909090909091,0.9819834710743802,A_lock,1.0,1.0,5360.0,0.00012890094979647217,0.0
0.75,quality_plus_subsidy,双边质量+少量精准补贴,7312,0.9863636363636363,0.9730991735537189,A_lock,1.0,1.0,5440.0,0.00012616978609625667,0.0
0.75,quality_plus_subsidy,双边质量+少量精准补贴,7313,0.9931818181818182,0.986456611570248,A_lock,1.0,1.0,5440.0,0.00012742312834224597,0.0
0.75,quality_plus_subsidy,双边质量+少量精准补贴,7314,0.9954545454545455,0.9909504132231406,A_lock,1.0,1.0,5200.0,0.00013374125874125877,0.0
0.75,two_sided_quality,双边质量优势,7300,0.9931818181818182,0.986456611570248,A_lock,1.0,2.0,0.0,0.0,0.0
0.75,two_sided_quality,双边质量优势,7301,0.9704545454545455,0.942654958677686,A_lock,1.0,2.0,0.0,0.0,0.0
0.75,two_sided_quality,双边质量优势,7302,0.9863636363636363,0.9730991735537189,A_lock,1.0,2.0,0.0,0.0,0.0
0.75,two_sided_quality,双边质量优势,7303,0.9863636363636363,0.9730991735537189,A_lock,1.0,2.0,0.0,0.0,0.0
0.75,two_sided_quality,双边质量优势,7304,0.9863636363636363,0.9730991735537189,A_lock,1.0,2.0,0.0,0.0,0.0
0.75,two_sided_quality,双边质量优势,7305,0.9931818181818182,0.986456611570248,A_lock,1.0,2.0,0.0,0.0,0.0
0.75,two_sided_quality,双边质量优势,7306,0.9954545454545455,0.9909504132231406,A_lock,1.0,2.0,0.0,0.0,0.0
0.75,two_sided_quality,双边质量优势,7307,0.9750000000000001,0.9512500000000002,A_lock,1.0,2.0,0.0,0.0,0.0
0.75,two_sided_quality,双边质量优势,7308,0.990909090909091,0.9819834710743802,A_lock,1.0,1.0,0.0,0.0,0.0
0.75,two_sided_quality,双边质量优势,7309,0.9818181818181818,0.964297520661157,A_lock,1.0,2.0,0.0,0.0,0.0
0.75,two_sided_quality,双边质量优势,7310,0.9863636363636363,0.9730991735537189,A_lock,1.0,2.0,0.0,0.0,0.0
0.75,two_sided_quality,双边质量优势,7311,0.990909090909091,0.9819834710743802,A_lock,1.0,2.0,0.0,0.0,0.0
0.75,two_sided_quality,双边质量优势,7312,0.9818181818181818,0.964297520661157,A_lock,1.0,2.0,0.0,0.0,0.0
0.75,two_sided_quality,双边质量优势,7313,0.9931818181818182,0.986456611570248,A_lock,1.0,2.0,0.0,0.0,0.0
0.75,two_sided_quality,双边质量优势,7314,0.9954545454545455,0.9909504132231406,A_lock,1.0,2.0,0.0,0.0,0.0
0.75,user_quality,用户侧质量优势,7300,0.9522727272727273,0.9091012396694216,A_lock,1.0,5.0,0.0,0.0,0.0
0.75,user_quality,用户侧质量优势,7301,0.9340909090909091,0.8768698347107438,A_lock,1.0,5.0,0.0,0.0,0.0
0.75,user_quality,用户侧质量优势,7302,0.9613636363636364,0.9257128099173555,A_lock,1.0,3.0,0.0,0.0,0.0
0.75,user_quality,用户侧质量优势,7303,0.9545454545454546,0.913223140495868,A_lock,1.0,3.0,0.0,0.0,0.0
0.75,user_quality,用户侧质量优势,7304,0.12954545454545455,0.7744731404958678,B_lock,0.0,,0.0,0.0,0.0
0.75,user_quality,用户侧质量优势,7305,0.15454545454545454,0.7386776859504132,B_lock,0.0,,0.0,0.0,0.0
0.75,user_quality,用户侧质量优势,7306,0.9727272727272727,0.9469421487603304,A_lock,1.0,6.0,0.0,0.0,0.0
0.75,user_quality,用户侧质量优势,7307,0.9431818181818181,0.8928202479338843,A_lock,1.0,5.0,0.0,0.0,0.0
0.75,user_quality,用户侧质量优势,7308,0.9613636363636364,0.9257128099173555,A_lock,1.0,2.0,0.0,0.0,0.0
0.75,user_quality,用户侧质量优势,7309,0.9636363636363636,0.9299173553719009,A_lock,1.0,3.0,0.0,0.0,0.0
0.75,user_quality,用户侧质量优势,7310,0.9568181818181818,0.9173657024793387,A_lock,1.0,5.0,0.0,0.0,0.0
0.75,user_quality,用户侧质量优势,7311,0.12954545454545455,0.7744731404958678,B_lock,0.0,,0.0,0.0,0.0
0.75,user_quality,用户侧质量优势,7312,0.08636363636363636,0.842190082644628,B_lock,0.0,,0.0,0.0,0.0
0.75,user_quality,用户侧质量优势,7313,0.11818181818181818,0.7915702479338844,B_lock,0.0,,0.0,0.0,0.0
0.75,user_quality,用户侧质量优势,7314,0.09545454545454546,0.8273140495867768,B_lock,0.0,,0.0,0.0,0.0
1.0,merchant_quality,商户侧质量优势,7300,0.9931818181818182,0.986456611570248,A_lock,1.0,22.0,0.0,0.0,0.0
1.0,merchant_quality,商户侧质量优势,7301,0.9772727272727273,0.9555785123966942,A_lock,1.0,5.0,0.0,0.0,0.0
1.0,merchant_quality,商户侧质量优势,7302,0.09545454545454546,0.8273140495867768,B_lock,0.0,,0.0,0.0,0.0
1.0,merchant_quality,商户侧质量优势,7303,0.9886363636363636,0.9775309917355373,A_lock,1.0,39.0,0.0,0.0,0.0
1.0,merchant_quality,商户侧质量优势,7304,0.19772727272727272,0.682737603305785,B_lock,0.0,,0.0,0.0,0.0
1.0,merchant_quality,商户侧质量优势,7305,0.16363636363636364,0.7262809917355373,B_lock,0.0,,0.0,0.0,0.0
1.0,merchant_quality,商户侧质量优势,7306,0.18409090909090908,0.6995971074380165,B_lock,0.0,,0.0,0.0,0.0
1.0,merchant_quality,商户侧质量优势,7307,0.9886363636363636,0.9775309917355373,A_lock,1.0,31.0,0.0,0.0,0.0
1.0,merchant_quality,商户侧质量优势,7308,0.9886363636363636,0.9775309917355373,A_lock,1.0,47.0,0.0,0.0,0.0
1.0,merchant_quality,商户侧质量优势,7309,0.1181818181818182,0.7915702479338844,B_lock,0.0,,0.0,0.0,0.0
1.0,merchant_quality,商户侧质量优势,7310,0.11363636363636365,0.7985537190082646,B_lock,0.0,,0.0,0.0,0.0
1.0,merchant_quality,商户侧质量优势,7311,0.17045454545454544,0.7172004132231407,B_lock,0.0,,0.0,0.0,0.0
1.0,merchant_quality,商户侧质量优势,7312,0.1318181818181818,0.7711157024793389,B_lock,0.0,,0.0,0.0,0.0
1.0,merchant_quality,商户侧质量优势,7313,0.13863636363636364,0.7611673553719007,B_lock,0.0,,0.0,0.0,0.0
1.0,merchant_quality,商户侧质量优势,7314,0.09772727272727273,0.8236466942148759,B_lock,0.0,,0.0,0.0,0.0
1.0,no_quality,无质量优势,7300,0.03636363636363636,0.9299173553719009,B_lock,0.0,,0.0,0.0,0.0
1.0,no_quality,无质量优势,7301,0.075,0.8612500000000001,B_lock,0.0,,0.0,0.0,0.0
1.0,no_quality,无质量优势,7302,0.022727272727272728,0.9555785123966942,B_lock,0.0,,0.0,0.0,0.0
1.0,no_quality,无质量优势,7303,0.0659090909090909,0.8768698347107438,B_lock,0.0,,0.0,0.0,0.0
1.0,no_quality,无质量优势,7304,0.07045454545454545,0.8690185950413223,B_lock,0.0,,0.0,0.0,0.0
1.0,no_quality,无质量优势,7305,0.05454545454545454,0.8968595041322314,B_lock,0.0,,0.0,0.0,0.0
1.0,no_quality,无质量优势,7306,0.04318181818181818,0.9173657024793387,B_lock,0.0,,0.0,0.0,0.0
1.0,no_quality,无质量优势,7307,0.04318181818181818,0.9173657024793387,B_lock,0.0,,0.0,0.0,0.0
1.0,no_quality,无质量优势,7308,0.05909090909090909,0.888801652892562,B_lock,0.0,,0.0,0.0,0.0
1.0,no_quality,无质量优势,7309,0.045454545454545456,0.913223140495868,B_lock,0.0,,0.0,0.0,0.0
1.0,no_quality,无质量优势,7310,0.045454545454545456,0.913223140495868,B_lock,0.0,,0.0,0.0,0.0
1.0,no_quality,无质量优势,7311,0.05909090909090909,0.888801652892562,B_lock,0.0,,0.0,0.0,0.0
1.0,no_quality,无质量优势,7312,0.03409090909090909,0.9341425619834711,B_lock,0.0,,0.0,0.0,0.0
1.0,no_quality,无质量优势,7313,0.04090909090909091,0.9215289256198347,B_lock,0.0,,0.0,0.0,0.0
1.0,no_quality,无质量优势,7314,0.031818181818181815,0.9383884297520659,B_lock,0.0,,0.0,0.0,0.0
1.0,quality_plus_subsidy,双边质量+少量精准补贴,7300,0.9954545454545455,0.9909504132231406,A_lock,1.0,1.0,5040.0,0.000137987012987013,0.0
1.0,quality_plus_subsidy,双边质量+少量精准补贴,7301,0.9863636363636363,0.9730991735537189,A_lock,1.0,1.0,5200.0,0.00013199300699300698,0.0
1.0,quality_plus_subsidy,双边质量+少量精准补贴,7302,0.9954545454545455,0.9909504132231406,A_lock,1.0,1.0,5120.0,0.00013583096590909092,0.0
1.0,quality_plus_subsidy,双边质量+少量精准补贴,7303,0.9954545454545455,0.9909504132231406,A_lock,1.0,1.0,5120.0,0.00013583096590909092,0.0
1.0,quality_plus_subsidy,双边质量+少量精准补贴,7304,0.990909090909091,0.9819834710743802,A_lock,1.0,1.0,4960.0,0.00013929618768328446,0.0
1.0,quality_plus_subsidy,双边质量+少量精准补贴,7305,0.9931818181818182,0.986456611570248,A_lock,1.0,1.0,4720.0,0.00014686055469953773,0.0
1.0,quality_plus_subsidy,双边质量+少量精准补贴,7306,1.0,1.0,A_lock,1.0,1.0,5200.0,0.0001346153846153846,0.0
1.0,quality_plus_subsidy,双边质量+少量精准补贴,7307,0.9886363636363636,0.9775309917355373,A_lock,1.0,1.0,5200.0,0.00013243006993006993,0.0
1.0,quality_plus_subsidy,双边质量+少量精准补贴,7308,0.9954545454545455,0.9909504132231406,A_lock,1.0,1.0,4960.0,0.0001402126099706745,0.0
1.0,quality_plus_subsidy,双边质量+少量精准补贴,7309,0.990909090909091,0.9819834710743802,A_lock,1.0,1.0,5440.0,0.0001270053475935829,0.0
1.0,quality_plus_subsidy,双边质量+少量精准补贴,7310,0.990909090909091,0.9819834710743802,A_lock,1.0,1.0,4800.0,0.00014393939393939393,0.0
1.0,quality_plus_subsidy,双边质量+少量精准补贴,7311,0.990909090909091,0.9819834710743802,A_lock,1.0,1.0,4880.0,0.00014157973174366617,0.0
1.0,quality_plus_subsidy,双边质量+少量精准补贴,7312,0.9863636363636363,0.9730991735537189,A_lock,1.0,1.0,4880.0,0.0001406482861400894,0.0
1.0,quality_plus_subsidy,双边质量+少量精准补贴,7313,0.9931818181818182,0.986456611570248,A_lock,1.0,1.0,5040.0,0.00013753607503607502,0.0
1.0,quality_plus_subsidy,双边质量+少量精准补贴,7314,0.9954545454545455,0.9909504132231406,A_lock,1.0,1.0,4480.0,0.00015523538961038962,0.0
1.0,two_sided_quality,双边质量优势,7300,0.9931818181818182,0.986456611570248,A_lock,1.0,1.0,0.0,0.0,0.0
1.0,two_sided_quality,双边质量优势,7301,0.9818181818181818,0.964297520661157,A_lock,1.0,2.0,0.0,0.0,0.0
1.0,two_sided_quality,双边质量优势,7302,0.9954545454545455,0.9909504132231406,A_lock,1.0,1.0,0.0,0.0,0.0
1.0,two_sided_quality,双边质量优势,7303,0.9954545454545455,0.9909504132231406,A_lock,1.0,1.0,0.0,0.0,0.0
1.0,two_sided_quality,双边质量优势,7304,0.990909090909091,0.9819834710743802,A_lock,1.0,1.0,0.0,0.0,0.0
1.0,two_sided_quality,双边质量优势,7305,0.9931818181818182,0.986456611570248,A_lock,1.0,2.0,0.0,0.0,0.0
1.0,two_sided_quality,双边质量优势,7306,1.0,1.0,A_lock,1.0,1.0,0.0,0.0,0.0
1.0,two_sided_quality,双边质量优势,7307,0.9886363636363636,0.9775309917355373,A_lock,1.0,1.0,0.0,0.0,0.0
1.0,two_sided_quality,双边质量优势,7308,0.9954545454545455,0.9909504132231406,A_lock,1.0,1.0,0.0,0.0,0.0
1.0,two_sided_quality,双边质量优势,7309,0.990909090909091,0.9819834710743802,A_lock,1.0,1.0,0.0,0.0,0.0
1.0,two_sided_quality,双边质量优势,7310,0.990909090909091,0.9819834710743802,A_lock,1.0,1.0,0.0,0.0,0.0
1.0,two_sided_quality,双边质量优势,7311,0.990909090909091,0.9819834710743802,A_lock,1.0,1.0,0.0,0.0,0.0
1.0,two_sided_quality,双边质量优势,7312,0.9863636363636363,0.9730991735537189,A_lock,1.0,2.0,0.0,0.0,0.0
1.0,two_sided_quality,双边质量优势,7313,0.9931818181818182,0.986456611570248,A_lock,1.0,1.0,0.0,0.0,0.0
1.0,two_sided_quality,双边质量优势,7314,0.9954545454545455,0.9909504132231406,A_lock,1.0,1.0,0.0,0.0,0.0
1.0,user_quality,用户侧质量优势,7300,0.9522727272727273,0.9091012396694216,A_lock,1.0,2.0,0.0,0.0,0.0
1.0,user_quality,用户侧质量优势,7301,0.9340909090909091,0.8768698347107438,A_lock,1.0,3.0,0.0,0.0,0.0
1.0,user_quality,用户侧质量优势,7302,0.9613636363636364,0.9257128099173555,A_lock,1.0,2.0,0.0,0.0,0.0
1.0,user_quality,用户侧质量优势,7303,0.9545454545454546,0.913223140495868,A_lock,1.0,2.0,0.0,0.0,0.0
1.0,user_quality,用户侧质量优势,7304,0.9545454545454546,0.913223140495868,A_lock,1.0,2.0,0.0,0.0,0.0
1.0,user_quality,用户侧质量优势,7305,0.9659090909090909,0.9341425619834711,A_lock,1.0,3.0,0.0,0.0,0.0
1.0,user_quality,用户侧质量优势,7306,0.9727272727272727,0.9469421487603304,A_lock,1.0,2.0,0.0,0.0,0.0
1.0,user_quality,用户侧质量优势,7307,0.9431818181818181,0.8928202479338843,A_lock,1.0,2.0,0.0,0.0,0.0
1.0,user_quality,用户侧质量优势,7308,0.9613636363636364,0.9257128099173555,A_lock,1.0,2.0,0.0,0.0,0.0
1.0,user_quality,用户侧质量优势,7309,0.9636363636363636,0.9299173553719009,A_lock,1.0,2.0,0.0,0.0,0.0
1.0,user_quality,用户侧质量优势,7310,0.9568181818181818,0.9173657024793387,A_lock,1.0,2.0,0.0,0.0,0.0
1.0,user_quality,用户侧质量优势,7311,0.9522727272727273,0.9091012396694216,A_lock,1.0,2.0,0.0,0.0,0.0
1.0,user_quality,用户侧质量优势,7312,0.9568181818181818,0.9173657024793387,A_lock,1.0,4.0,0.0,0.0,0.0
1.0,user_quality,用户侧质量优势,7313,0.9750000000000001,0.9512500000000002,A_lock,1.0,2.0,0.0,0.0,0.0
1.0,user_quality,用户侧质量优势,7314,0.9727272727272727,0.9469421487603304,A_lock,1.0,2.0,0.0,0.0,0.0
1.25,merchant_quality,商户侧质量优势,7300,0.9931818181818182,0.986456611570248,A_lock,1.0,5.0,0.0,0.0,0.0
1.25,merchant_quality,商户侧质量优势,7301,0.9863636363636363,0.9730991735537189,A_lock,1.0,3.0,0.0,0.0,0.0
1.25,merchant_quality,商户侧质量优势,7302,0.10454545454545455,0.8127685950413224,B_lock,0.0,,0.0,0.0,0.0
1.25,merchant_quality,商户侧质量优势,7303,0.990909090909091,0.9819834710743802,A_lock,1.0,12.0,0.0,0.0,0.0
1.25,merchant_quality,商户侧质量优势,7304,0.9863636363636363,0.9730991735537189,A_lock,1.0,9.0,0.0,0.0,0.0
1.25,merchant_quality,商户侧质量优势,7305,0.9886363636363636,0.9775309917355373,A_lock,1.0,19.0,0.0,0.0,0.0
1.25,merchant_quality,商户侧质量优势,7306,1.0,1.0,A_lock,1.0,16.0,0.0,0.0,0.0
1.25,merchant_quality,商户侧质量优势,7307,0.9886363636363636,0.9775309917355373,A_lock,1.0,5.0,0.0,0.0,0.0
1.25,merchant_quality,商户侧质量优势,7308,0.9931818181818182,0.986456611570248,A_lock,1.0,5.0,0.0,0.0,0.0
1.25,merchant_quality,商户侧质量优势,7309,0.9931818181818182,0.986456611570248,A_lock,1.0,6.0,0.0,0.0,0.0
1.25,merchant_quality,商户侧质量优势,7310,0.9886363636363636,0.9775309917355373,A_lock,1.0,3.0,0.0,0.0,0.0
1.25,merchant_quality,商户侧质量优势,7311,0.9863636363636363,0.9730991735537189,A_lock,1.0,5.0,0.0,0.0,0.0
1.25,merchant_quality,商户侧质量优势,7312,0.1590909090909091,0.7324380165289257,B_lock,0.0,,0.0,0.0,0.0
1.25,merchant_quality,商户侧质量优势,7313,0.9863636363636363,0.9730991735537189,A_lock,1.0,14.0,0.0,0.0,0.0
1.25,merchant_quality,商户侧质量优势,7314,0.14545454545454545,0.7514049586776859,B_lock,0.0,,0.0,0.0,0.0
1.25,no_quality,无质量优势,7300,0.03636363636363636,0.9299173553719009,B_lock,0.0,,0.0,0.0,0.0
1.25,no_quality,无质量优势,7301,0.075,0.8612500000000001,B_lock,0.0,,0.0,0.0,0.0
1.25,no_quality,无质量优势,7302,0.022727272727272728,0.9555785123966942,B_lock,0.0,,0.0,0.0,0.0
1.25,no_quality,无质量优势,7303,0.0659090909090909,0.8768698347107438,B_lock,0.0,,0.0,0.0,0.0
1.25,no_quality,无质量优势,7304,0.07045454545454545,0.8690185950413223,B_lock,0.0,,0.0,0.0,0.0
1.25,no_quality,无质量优势,7305,0.05454545454545454,0.8968595041322314,B_lock,0.0,,0.0,0.0,0.0
1.25,no_quality,无质量优势,7306,0.04318181818181818,0.9173657024793387,B_lock,0.0,,0.0,0.0,0.0
1.25,no_quality,无质量优势,7307,0.04318181818181818,0.9173657024793387,B_lock,0.0,,0.0,0.0,0.0
1.25,no_quality,无质量优势,7308,0.05909090909090909,0.888801652892562,B_lock,0.0,,0.0,0.0,0.0
1.25,no_quality,无质量优势,7309,0.045454545454545456,0.913223140495868,B_lock,0.0,,0.0,0.0,0.0
1.25,no_quality,无质量优势,7310,0.045454545454545456,0.913223140495868,B_lock,0.0,,0.0,0.0,0.0
1.25,no_quality,无质量优势,7311,0.05909090909090909,0.888801652892562,B_lock,0.0,,0.0,0.0,0.0
1.25,no_quality,无质量优势,7312,0.03409090909090909,0.9341425619834711,B_lock,0.0,,0.0,0.0,0.0
1.25,no_quality,无质量优势,7313,0.04090909090909091,0.9215289256198347,B_lock,0.0,,0.0,0.0,0.0
1.25,no_quality,无质量优势,7314,0.031818181818181815,0.9383884297520659,B_lock,0.0,,0.0,0.0,0.0
1.25,quality_plus_subsidy,双边质量+少量精准补贴,7300,0.9954545454545455,0.9909504132231406,A_lock,1.0,1.0,4640.0,0.00014988244514106585,0.0
1.25,quality_plus_subsidy,双边质量+少量精准补贴,7301,0.990909090909091,0.9819834710743802,A_lock,1.0,1.0,4480.0,0.00015422077922077923,0.0
1.25,quality_plus_subsidy,双边质量+少量精准补贴,7302,0.9954545454545455,0.9909504132231406,A_lock,1.0,1.0,4160.0,0.00016717657342657345,0.0
1.25,quality_plus_subsidy,双边质量+少量精准补贴,7303,0.9954545454545455,0.9909504132231406,A_lock,1.0,1.0,4640.0,0.00014988244514106585,0.0
1.25,quality_plus_subsidy,双边质量+少量精准补贴,7304,0.990909090909091,0.9819834710743802,A_lock,1.0,1.0,4400.0,0.00015702479338842976,0.0
1.25,quality_plus_subsidy,双边质量+少量精准补贴,7305,0.9931818181818182,0.986456611570248,A_lock,1.0,1.0,4080.0,0.00016989750445632796,0.0
1.25,quality_plus_subsidy,双边质量+少量精准补贴,7306,1.0,1.0,A_lock,1.0,1.0,5040.0,0.0001388888888888889,0.0
1.25,quality_plus_subsidy,双边质量+少量精准补贴,7307,0.9886363636363636,0.9775309917355373,A_lock,1.0,1.0,4960.0,0.00013883797653958945,0.0
1.25,quality_plus_subsidy,双边质量+少量精准补贴,7308,1.0,1.0,A_lock,1.0,1.0,4480.0,0.00015625,0.0
1.25,quality_plus_subsidy,双边质量+少量精准补贴,7309,0.9954545454545455,0.9909504132231406,A_lock,1.0,1.0,4720.0,0.0001473420647149461,0.0
1.25,quality_plus_subsidy,双边质量+少量精准补贴,7310,0.990909090909091,0.9819834710743802,A_lock,1.0,1.0,4320.0,0.00015993265993265992,0.0
1.25,quality_plus_subsidy,双边质量+少量精准补贴,7311,0.990909090909091,0.9819834710743802,A_lock,1.0,1.0,4480.0,0.00015422077922077923,0.0
1.25,quality_plus_subsidy,双边质量+少量精准补贴,7312,0.990909090909091,0.9819834710743802,A_lock,1.0,1.0,4320.0,0.00015993265993265992,0.0
1.25,quality_plus_subsidy,双边质量+少量精准补贴,7313,0.9931818181818182,0.986456611570248,A_lock,1.0,1.0,4560.0,0.00015201355661881977,0.0
1.25,quality_plus_subsidy,双边质量+少量精准补贴,7314,1.0,1.0,A_lock,1.0,1.0,3600.0,0.00019444444444444443,0.0
1.25,two_sided_quality,双边质量优势,7300,0.9954545454545455,0.9909504132231406,A_lock,1.0,1.0,0.0,0.0,0.0
1.25,two_sided_quality,双边质量优势,7301,0.990909090909091,0.9819834710743802,A_lock,1.0,1.0,0.0,0.0,0.0
1.25,two_sided_quality,双边质量优势,7302,0.9954545454545455,0.9909504132231406,A_lock,1.0,1.0,0.0,0.0,0.0
1.25,two_sided_quality,双边质量优势,7303,0.9954545454545455,0.9909504132231406,A_lock,1.0,1.0,0.0,0.0,0.0
1.25,two_sided_quality,双边质量优势,7304,0.990909090909091,0.9819834710743802,A_lock,1.0,1.0,0.0,0.0,0.0
1.25,two_sided_quality,双边质量优势,7305,0.9931818181818182,0.986456611570248,A_lock,1.0,1.0,0.0,0.0,0.0
1.25,two_sided_quality,双边质量优势,7306,1.0,1.0,A_lock,1.0,1.0,0.0,0.0,0.0
1.25,two_sided_quality,双边质量优势,7307,0.9886363636363636,0.9775309917355373,A_lock,1.0,1.0,0.0,0.0,0.0
1.25,two_sided_quality,双边质量优势,7308,1.0,1.0,A_lock,1.0,1.0,0.0,0.0,0.0
1.25,two_sided_quality,双边质量优势,7309,0.9954545454545455,0.9909504132231406,A_lock,1.0,1.0,0.0,0.0,0.0
1.25,two_sided_quality,双边质量优势,7310,0.990909090909091,0.9819834710743802,A_lock,1.0,1.0,0.0,0.0,0.0
1.25,two_sided_quality,双边质量优势,7311,0.990909090909091,0.9819834710743802,A_lock,1.0,1.0,0.0,0.0,0.0
1.25,two_sided_quality,双边质量优势,7312,0.990909090909091,0.9819834710743802,A_lock,1.0,1.0,0.0,0.0,0.0
1.25,two_sided_quality,双边质量优势,7313,0.9931818181818182,0.986456611570248,A_lock,1.0,1.0,0.0,0.0,0.0
1.25,two_sided_quality,双边质量优势,7314,1.0,1.0,A_lock,1.0,1.0,0.0,0.0,0.0
1.25,user_quality,用户侧质量优势,7300,0.9522727272727273,0.9091012396694216,A_lock,1.0,2.0,0.0,0.0,0.0
1.25,user_quality,用户侧质量优势,7301,0.9363636363636363,0.8808264462809916,A_lock,1.0,2.0,0.0,0.0,0.0
1.25,user_quality,用户侧质量优势,7302,0.9613636363636364,0.9257128099173555,A_lock,1.0,1.0,0.0,0.0,0.0
1.25,user_quality,用户侧质量优势,7303,0.9545454545454546,0.913223140495868,A_lock,1.0,1.0,0.0,0.0,0.0
1.25,user_quality,用户侧质量优势,7304,0.9545454545454546,0.913223140495868,A_lock,1.0,2.0,0.0,0.0,0.0
1.25,user_quality,用户侧质量优势,7305,0.9659090909090909,0.9341425619834711,A_lock,1.0,2.0,0.0,0.0,0.0
1.25,user_quality,用户侧质量优势,7306,0.9727272727272727,0.9469421487603304,A_lock,1.0,1.0,0.0,0.0,0.0
1.25,user_quality,用户侧质量优势,7307,0.9431818181818181,0.8928202479338843,A_lock,1.0,2.0,0.0,0.0,0.0
1.25,user_quality,用户侧质量优势,7308,0.9613636363636364,0.9257128099173555,A_lock,1.0,1.0,0.0,0.0,0.0
1.25,user_quality,用户侧质量优势,7309,0.9636363636363636,0.9299173553719009,A_lock,1.0,2.0,0.0,0.0,0.0
1.25,user_quality,用户侧质量优势,7310,0.9568181818181818,0.9173657024793387,A_lock,1.0,1.0,0.0,0.0,0.0
1.25,user_quality,用户侧质量优势,7311,0.9522727272727273,0.9091012396694216,A_lock,1.0,1.0,0.0,0.0,0.0
1.25,user_quality,用户侧质量优势,7312,0.9568181818181818,0.9173657024793387,A_lock,1.0,2.0,0.0,0.0,0.0
1.25,user_quality,用户侧质量优势,7313,0.9750000000000001,0.9512500000000002,A_lock,1.0,1.0,0.0,0.0,0.0
1.25,user_quality,用户侧质量优势,7314,0.9727272727272727,0.9469421487603304,A_lock,1.0,1.0,0.0,0.0,0.0
1.5,merchant_quality,商户侧质量优势,7300,0.9931818181818182,0.986456611570248,A_lock,1.0,3.0,0.0,0.0,0.0
1.5,merchant_quality,商户侧质量优势,7301,0.990909090909091,0.9819834710743802,A_lock,1.0,3.0,0.0,0.0,0.0
1.5,merchant_quality,商户侧质量优势,7302,0.990909090909091,0.9819834710743802,A_lock,1.0,4.0,0.0,0.0,0.0
1.5,merchant_quality,商户侧质量优势,7303,0.990909090909091,0.9819834710743802,A_lock,1.0,4.0,0.0,0.0,0.0
1.5,merchant_quality,商户侧质量优势,7304,0.990909090909091,0.9819834710743802,A_lock,1.0,4.0,0.0,0.0,0.0
1.5,merchant_quality,商户侧质量优势,7305,0.9886363636363636,0.9775309917355373,A_lock,1.0,4.0,0.0,0.0,0.0
1.5,merchant_quality,商户侧质量优势,7306,1.0,1.0,A_lock,1.0,5.0,0.0,0.0,0.0
1.5,merchant_quality,商户侧质量优势,7307,0.9977272727272728,0.995464876033058,A_lock,1.0,3.0,0.0,0.0,0.0
1.5,merchant_quality,商户侧质量优势,7308,0.9931818181818182,0.986456611570248,A_lock,1.0,3.0,0.0,0.0,0.0
1.5,merchant_quality,商户侧质量优势,7309,0.9931818181818182,0.986456611570248,A_lock,1.0,4.0,0.0,0.0,0.0
1.5,merchant_quality,商户侧质量优势,7310,0.9886363636363636,0.9775309917355373,A_lock,1.0,3.0,0.0,0.0,0.0
1.5,merchant_quality,商户侧质量优势,7311,0.9863636363636363,0.9730991735537189,A_lock,1.0,3.0,0.0,0.0,0.0
1.5,merchant_quality,商户侧质量优势,7312,0.9954545454545455,0.9909504132231406,A_lock,1.0,7.0,0.0,0.0,0.0
1.5,merchant_quality,商户侧质量优势,7313,0.9863636363636363,0.9730991735537189,A_lock,1.0,3.0,0.0,0.0,0.0
1.5,merchant_quality,商户侧质量优势,7314,1.0,1.0,A_lock,1.0,4.0,0.0,0.0,0.0
1.5,no_quality,无质量优势,7300,0.03636363636363636,0.9299173553719009,B_lock,0.0,,0.0,0.0,0.0
1.5,no_quality,无质量优势,7301,0.075,0.8612500000000001,B_lock,0.0,,0.0,0.0,0.0
1.5,no_quality,无质量优势,7302,0.022727272727272728,0.9555785123966942,B_lock,0.0,,0.0,0.0,0.0
1.5,no_quality,无质量优势,7303,0.0659090909090909,0.8768698347107438,B_lock,0.0,,0.0,0.0,0.0
1.5,no_quality,无质量优势,7304,0.07045454545454545,0.8690185950413223,B_lock,0.0,,0.0,0.0,0.0
1.5,no_quality,无质量优势,7305,0.05454545454545454,0.8968595041322314,B_lock,0.0,,0.0,0.0,0.0
1.5,no_quality,无质量优势,7306,0.04318181818181818,0.9173657024793387,B_lock,0.0,,0.0,0.0,0.0
1.5,no_quality,无质量优势,7307,0.04318181818181818,0.9173657024793387,B_lock,0.0,,0.0,0.0,0.0
1.5,no_quality,无质量优势,7308,0.05909090909090909,0.888801652892562,B_lock,0.0,,0.0,0.0,0.0
1.5,no_quality,无质量优势,7309,0.045454545454545456,0.913223140495868,B_lock,0.0,,0.0,0.0,0.0
1.5,no_quality,无质量优势,7310,0.045454545454545456,0.913223140495868,B_lock,0.0,,0.0,0.0,0.0
1.5,no_quality,无质量优势,7311,0.05909090909090909,0.888801652892562,B_lock,0.0,,0.0,0.0,0.0
1.5,no_quality,无质量优势,7312,0.03409090909090909,0.9341425619834711,B_lock,0.0,,0.0,0.0,0.0
1.5,no_quality,无质量优势,7313,0.04090909090909091,0.9215289256198347,B_lock,0.0,,0.0,0.0,0.0
1.5,no_quality,无质量优势,7314,0.031818181818181815,0.9383884297520659,B_lock,0.0,,0.0,0.0,0.0
1.5,quality_plus_subsidy,双边质量+少量精准补贴,7300,0.9954545454545455,0.9909504132231406,A_lock,1.0,1.0,3680.0,0.0001889822134387352,0.0
1.5,quality_plus_subsidy,双边质量+少量精准补贴,7301,0.9954545454545455,0.9909504132231406,A_lock,1.0,1.0,3840.0,0.00018110795454545457,0.0
1.5,quality_plus_subsidy,双边质量+少量精准补贴,7302,0.9977272727272728,0.995464876033058,A_lock,1.0,1.0,3600.0,0.00019381313131313133,0.0
1.5,quality_plus_subsidy,双边质量+少量精准补贴,7303,0.9954545454545455,0.9909504132231406,A_lock,1.0,1.0,4480.0,0.00015523538961038962,0.0
1.5,quality_plus_subsidy,双边质量+少量精准补贴,7304,0.9954545454545455,0.9909504132231406,A_lock,1.0,1.0,4000.0,0.00017386363636363639,0.0
1.5,quality_plus_subsidy,双边质量+少量精准补贴,7305,0.9931818181818182,0.986456611570248,A_lock,1.0,1.0,3440.0,0.00020150634249471456,0.0
1.5,quality_plus_subsidy,双边质量+少量精准补贴,7306,1.0,1.0,A_lock,1.0,1.0,4560.0,0.00015350877192982454,0.0
1.5,quality_plus_subsidy,双边质量+少量精准补贴,7307,0.9977272727272728,0.995464876033058,A_lock,1.0,1.0,4480.0,0.0001557426948051948,0.0
1.5,quality_plus_subsidy,双边质量+少量精准补贴,7308,1.0,1.0,A_lock,1.0,1.0,4000.0,0.000175,0.0
1.5,quality_plus_subsidy,双边质量+少量精准补贴,7309,0.9954545454545455,0.9909504132231406,A_lock,1.0,1.0,4160.0,0.00016717657342657345,0.0
1.5,quality_plus_subsidy,双边质量+少量精准补贴,7310,0.990909090909091,0.9819834710743802,A_lock,1.0,1.0,3200.0,0.0002159090909090909,0.0
1.5,quality_plus_subsidy,双边质量+少量精准补贴,7311,0.990909090909091,0.9819834710743802,A_lock,1.0,1.0,3840.0,0.00017992424242424242,0.0
1.5,quality_plus_subsidy,双边质量+少量精准补贴,7312,0.9954545454545455,0.9909504132231406,A_lock,1.0,1.0,3600.0,0.0001931818181818182,0.0
1.5,quality_plus_subsidy,双边质量+少量精准补贴,7313,0.9931818181818182,0.986456611570248,A_lock,1.0,1.0,3440.0,0.00020150634249471456,0.0
1.5,quality_plus_subsidy,双边质量+少量精准补贴,7314,1.0,1.0,A_lock,1.0,1.0,3120.0,0.00022435897435897433,0.0
1.5,two_sided_quality,双边质量优势,7300,0.9954545454545455,0.9909504132231406,A_lock,1.0,1.0,0.0,0.0,0.0
1.5,two_sided_quality,双边质量优势,7301,0.9954545454545455,0.9909504132231406,A_lock,1.0,1.0,0.0,0.0,0.0
1.5,two_sided_quality,双边质量优势,7302,0.9977272727272728,0.995464876033058,A_lock,1.0,1.0,0.0,0.0,0.0
1.5,two_sided_quality,双边质量优势,7303,0.9954545454545455,0.9909504132231406,A_lock,1.0,1.0,0.0,0.0,0.0
1.5,two_sided_quality,双边质量优势,7304,0.9954545454545455,0.9909504132231406,A_lock,1.0,1.0,0.0,0.0,0.0
1.5,two_sided_quality,双边质量优势,7305,0.9931818181818182,0.986456611570248,A_lock,1.0,1.0,0.0,0.0,0.0
1.5,two_sided_quality,双边质量优势,7306,1.0,1.0,A_lock,1.0,1.0,0.0,0.0,0.0
1.5,two_sided_quality,双边质量优势,7307,0.9977272727272728,0.995464876033058,A_lock,1.0,1.0,0.0,0.0,0.0
1.5,two_sided_quality,双边质量优势,7308,1.0,1.0,A_lock,1.0,1.0,0.0,0.0,0.0
1.5,two_sided_quality,双边质量优势,7309,0.9954545454545455,0.9909504132231406,A_lock,1.0,1.0,0.0,0.0,0.0
1.5,two_sided_quality,双边质量优势,7310,0.990909090909091,0.9819834710743802,A_lock,1.0,1.0,0.0,0.0,0.0
1.5,two_sided_quality,双边质量优势,7311,0.990909090909091,0.9819834710743802,A_lock,1.0,1.0,0.0,0.0,0.0
1.5,two_sided_quality,双边质量优势,7312,0.9954545454545455,0.9909504132231406,A_lock,1.0,1.0,0.0,0.0,0.0
1.5,two_sided_quality,双边质量优势,7313,0.9931818181818182,0.986456611570248,A_lock,1.0,1.0,0.0,0.0,0.0
1.5,two_sided_quality,双边质量优势,7314,1.0,1.0,A_lock,1.0,1.0,0.0,0.0,0.0
1.5,user_quality,用户侧质量优势,7300,0.9522727272727273,0.9091012396694216,A_lock,1.0,2.0,0.0,0.0,0.0
1.5,user_quality,用户侧质量优势,7301,0.9363636363636363,0.8808264462809916,A_lock,1.0,1.0,0.0,0.0,0.0
1.5,user_quality,用户侧质量优势,7302,0.9636363636363636,0.9299173553719009,A_lock,1.0,1.0,0.0,0.0,0.0
1.5,user_quality,用户侧质量优势,7303,0.9545454545454546,0.913223140495868,A_lock,1.0,1.0,0.0,0.0,0.0
1.5,user_quality,用户侧质量优势,7304,0.9545454545454546,0.913223140495868,A_lock,1.0,1.0,0.0,0.0,0.0
1.5,user_quality,用户侧质量优势,7305,0.9659090909090909,0.9341425619834711,A_lock,1.0,1.0,0.0,0.0,0.0
1.5,user_quality,用户侧质量优势,7306,0.9727272727272727,0.9469421487603304,A_lock,1.0,1.0,0.0,0.0,0.0
1.5,user_quality,用户侧质量优势,7307,0.9431818181818181,0.8928202479338843,A_lock,1.0,1.0,0.0,0.0,0.0
1.5,user_quality,用户侧质量优势,7308,0.9613636363636364,0.9257128099173555,A_lock,1.0,1.0,0.0,0.0,0.0
1.5,user_quality,用户侧质量优势,7309,0.9636363636363636,0.9299173553719009,A_lock,1.0,1.0,0.0,0.0,0.0
1.5,user_quality,用户侧质量优势,7310,0.9568181818181818,0.9173657024793387,A_lock,1.0,1.0,0.0,0.0,0.0
1.5,user_quality,用户侧质量优势,7311,0.9522727272727273,0.9091012396694216,A_lock,1.0,1.0,0.0,0.0,0.0
1.5,user_quality,用户侧质量优势,7312,0.9568181818181818,0.9173657024793387,A_lock,1.0,2.0,0.0,0.0,0.0
1.5,user_quality,用户侧质量优势,7313,0.9750000000000001,0.9512500000000002,A_lock,1.0,1.0,0.0,0.0,0.0
1.5,user_quality,用户侧质量优势,7314,0.9727272727272727,0.9469421487603304,A_lock,1.0,1.0,0.0,0.0,0.0
1.75,merchant_quality,商户侧质量优势,7300,0.9931818181818182,0.986456611570248,A_lock,1.0,3.0,0.0,0.0,0.0
1.75,merchant_quality,商户侧质量优势,7301,0.990909090909091,0.9819834710743802,A_lock,1.0,2.0,0.0,0.0,0.0
1.75,merchant_quality,商户侧质量优势,7302,0.990909090909091,0.9819834710743802,A_lock,1.0,3.0,0.0,0.0,0.0
1.75,merchant_quality,商户侧质量优势,7303,0.9954545454545455,0.9909504132231406,A_lock,1.0,3.0,0.0,0.0,0.0
1.75,merchant_quality,商户侧质量优势,7304,0.990909090909091,0.9819834710743802,A_lock,1.0,3.0,0.0,0.0,0.0
1.75,merchant_quality,商户侧质量优势,7305,0.9886363636363636,0.9775309917355373,A_lock,1.0,4.0,0.0,0.0,0.0
1.75,merchant_quality,商户侧质量优势,7306,1.0,1.0,A_lock,1.0,3.0,0.0,0.0,0.0
1.75,merchant_quality,商户侧质量优势,7307,0.9977272727272728,0.995464876033058,A_lock,1.0,3.0,0.0,0.0,0.0
1.75,merchant_quality,商户侧质量优势,7308,0.9931818181818182,0.986456611570248,A_lock,1.0,3.0,0.0,0.0,0.0
1.75,merchant_quality,商户侧质量优势,7309,0.9977272727272728,0.995464876033058,A_lock,1.0,3.0,0.0,0.0,0.0
1.75,merchant_quality,商户侧质量优势,7310,0.9886363636363636,0.9775309917355373,A_lock,1.0,2.0,0.0,0.0,0.0
1.75,merchant_quality,商户侧质量优势,7311,0.9863636363636363,0.9730991735537189,A_lock,1.0,3.0,0.0,0.0,0.0
1.75,merchant_quality,商户侧质量优势,7312,0.9954545454545455,0.9909504132231406,A_lock,1.0,4.0,0.0,0.0,0.0
1.75,merchant_quality,商户侧质量优势,7313,0.9863636363636363,0.9730991735537189,A_lock,1.0,3.0,0.0,0.0,0.0
1.75,merchant_quality,商户侧质量优势,7314,1.0,1.0,A_lock,1.0,3.0,0.0,0.0,0.0
1.75,no_quality,无质量优势,7300,0.03636363636363636,0.9299173553719009,B_lock,0.0,,0.0,0.0,0.0
1.75,no_quality,无质量优势,7301,0.075,0.8612500000000001,B_lock,0.0,,0.0,0.0,0.0
1.75,no_quality,无质量优势,7302,0.022727272727272728,0.9555785123966942,B_lock,0.0,,0.0,0.0,0.0
1.75,no_quality,无质量优势,7303,0.0659090909090909,0.8768698347107438,B_lock,0.0,,0.0,0.0,0.0
1.75,no_quality,无质量优势,7304,0.07045454545454545,0.8690185950413223,B_lock,0.0,,0.0,0.0,0.0
1.75,no_quality,无质量优势,7305,0.05454545454545454,0.8968595041322314,B_lock,0.0,,0.0,0.0,0.0
1.75,no_quality,无质量优势,7306,0.04318181818181818,0.9173657024793387,B_lock,0.0,,0.0,0.0,0.0
1.75,no_quality,无质量优势,7307,0.04318181818181818,0.9173657024793387,B_lock,0.0,,0.0,0.0,0.0
1.75,no_quality,无质量优势,7308,0.05909090909090909,0.888801652892562,B_lock,0.0,,0.0,0.0,0.0
1.75,no_quality,无质量优势,7309,0.045454545454545456,0.913223140495868,B_lock,0.0,,0.0,0.0,0.0
1.75,no_quality,无质量优势,7310,0.045454545454545456,0.913223140495868,B_lock,0.0,,0.0,0.0,0.0
1.75,no_quality,无质量优势,7311,0.05909090909090909,0.888801652892562,B_lock,0.0,,0.0,0.0,0.0
1.75,no_quality,无质量优势,7312,0.03409090909090909,0.9341425619834711,B_lock,0.0,,0.0,0.0,0.0
1.75,no_quality,无质量优势,7313,0.04090909090909091,0.9215289256198347,B_lock,0.0,,0.0,0.0,0.0
1.75,no_quality,无质量优势,7314,0.031818181818181815,0.9383884297520659,B_lock,0.0,,0.0,0.0,0.0
1.75,quality_plus_subsidy,双边质量+少量精准补贴,7300,0.9954545454545455,0.9909504132231406,A_lock,1.0,1.0,3200.0,0.00021732954545454548,0.0
1.75,quality_plus_subsidy,双边质量+少量精准补贴,7301,0.9954545454545455,0.9909504132231406,A_lock,1.0,1.0,3200.0,0.00021732954545454548,0.0
1.75,quality_plus_subsidy,双边质量+少量精准补贴,7302,0.9977272727272728,0.995464876033058,A_lock,1.0,1.0,2880.0,0.00024226641414141416,0.0
1.75,quality_plus_subsidy,双边质量+少量精准补贴,7303,0.9954545454545455,0.9909504132231406,A_lock,1.0,1.0,3760.0,0.00018496131528046423,0.0
1.75,quality_plus_subsidy,双边质量+少量精准补贴,7304,0.9954545454545455,0.9909504132231406,A_lock,1.0,1.0,3200.0,0.00021732954545454548,0.0
1.75,quality_plus_subsidy,双边质量+少量精准补贴,7305,0.9931818181818182,0.986456611570248,A_lock,1.0,1.0,2640.0,0.00026256887052341596,0.0
1.75,quality_plus_subsidy,双边质量+少量精准补贴,7306,1.0,1.0,A_lock,1.0,1.0,3920.0,0.00017857142857142857,0.0
1.75,quality_plus_subsidy,双边质量+少量精准补贴,7307,0.9977272727272728,0.995464876033058,A_lock,1.0,1.0,3200.0,0.00021803977272727274,0.0
1.75,quality_plus_subsidy,双边质量+少量精准补贴,7308,1.0,1.0,A_lock,1.0,1.0,3040.0,0.00023026315789473684,0.0
1.75,quality_plus_subsidy,双边质量+少量精准补贴,7309,1.0,1.0,A_lock,1.0,1.0,3360.0,0.00020833333333333332,0.0
1.75,quality_plus_subsidy,双边质量+少量精准补贴,7310,0.990909090909091,0.9819834710743802,A_lock,1.0,1.0,2480.0,0.0002785923753665689,0.0
1.75,quality_plus_subsidy,双边质量+少量精准补贴,7311,0.990909090909091,0.9819834710743802,A_lock,1.0,1.0,3360.0,0.00020562770562770563,0.0
1.75,quality_plus_subsidy,双边质量+少量精准补贴,7312,0.9954545454545455,0.9909504132231406,A_lock,1.0,1.0,2800.0,0.0002483766233766234,0.0
1.75,quality_plus_subsidy,双边质量+少量精准补贴,7313,0.9931818181818182,0.986456611570248,A_lock,1.0,1.0,2960.0,0.00023418304668304667,0.0
1.75,quality_plus_subsidy,双边质量+少量精准补贴,7314,1.0,1.0,A_lock,1.0,1.0,2880.0,0.00024305555555555555,0.0
1.75,two_sided_quality,双边质量优势,7300,0.9954545454545455,0.9909504132231406,A_lock,1.0,1.0,0.0,0.0,0.0
1.75,two_sided_quality,双边质量优势,7301,0.9954545454545455,0.9909504132231406,A_lock,1.0,1.0,0.0,0.0,0.0
1.75,two_sided_quality,双边质量优势,7302,0.9977272727272728,0.995464876033058,A_lock,1.0,1.0,0.0,0.0,0.0
1.75,two_sided_quality,双边质量优势,7303,0.9954545454545455,0.9909504132231406,A_lock,1.0,1.0,0.0,0.0,0.0
1.75,two_sided_quality,双边质量优势,7304,0.9954545454545455,0.9909504132231406,A_lock,1.0,1.0,0.0,0.0,0.0
1.75,two_sided_quality,双边质量优势,7305,0.9931818181818182,0.986456611570248,A_lock,1.0,1.0,0.0,0.0,0.0
1.75,two_sided_quality,双边质量优势,7306,1.0,1.0,A_lock,1.0,1.0,0.0,0.0,0.0
1.75,two_sided_quality,双边质量优势,7307,0.9977272727272728,0.995464876033058,A_lock,1.0,1.0,0.0,0.0,0.0
1.75,two_sided_quality,双边质量优势,7308,1.0,1.0,A_lock,1.0,1.0,0.0,0.0,0.0
1.75,two_sided_quality,双边质量优势,7309,1.0,1.0,A_lock,1.0,1.0,0.0,0.0,0.0
1.75,two_sided_quality,双边质量优势,7310,0.990909090909091,0.9819834710743802,A_lock,1.0,1.0,0.0,0.0,0.0
1.75,two_sided_quality,双边质量优势,7311,0.990909090909091,0.9819834710743802,A_lock,1.0,1.0,0.0,0.0,0.0
1.75,two_sided_quality,双边质量优势,7312,0.9954545454545455,0.9909504132231406,A_lock,1.0,1.0,0.0,0.0,0.0
1.75,two_sided_quality,双边质量优势,7313,0.9931818181818182,0.986456611570248,A_lock,1.0,1.0,0.0,0.0,0.0
1.75,two_sided_quality,双边质量优势,7314,1.0,1.0,A_lock,1.0,1.0,0.0,0.0,0.0
1.75,user_quality,用户侧质量优势,7300,0.9522727272727273,0.9091012396694216,A_lock,1.0,1.0,0.0,0.0,0.0
1.75,user_quality,用户侧质量优势,7301,0.9386363636363636,0.8848037190082645,A_lock,1.0,1.0,0.0,0.0,0.0
1.75,user_quality,用户侧质量优势,7302,0.9659090909090909,0.9341425619834711,A_lock,1.0,1.0,0.0,0.0,0.0
1.75,user_quality,用户侧质量优势,7303,0.9545454545454546,0.913223140495868,A_lock,1.0,1.0,0.0,0.0,0.0
1.75,user_quality,用户侧质量优势,7304,0.9545454545454546,0.913223140495868,A_lock,1.0,1.0,0.0,0.0,0.0
1.75,user_quality,用户侧质量优势,7305,0.9659090909090909,0.9341425619834711,A_lock,1.0,1.0,0.0,0.0,0.0
1.75,user_quality,用户侧质量优势,7306,0.9727272727272727,0.9469421487603304,A_lock,1.0,1.0,0.0,0.0,0.0
1.75,user_quality,用户侧质量优势,7307,0.9431818181818181,0.8928202479338843,A_lock,1.0,1.0,0.0,0.0,0.0
1.75,user_quality,用户侧质量优势,7308,0.9636363636363636,0.9299173553719009,A_lock,1.0,1.0,0.0,0.0,0.0
1.75,user_quality,用户侧质量优势,7309,0.9636363636363636,0.9299173553719009,A_lock,1.0,1.0,0.0,0.0,0.0
1.75,user_quality,用户侧质量优势,7310,0.9568181818181818,0.9173657024793387,A_lock,1.0,1.0,0.0,0.0,0.0
1.75,user_quality,用户侧质量优势,7311,0.9522727272727273,0.9091012396694216,A_lock,1.0,1.0,0.0,0.0,0.0
1.75,user_quality,用户侧质量优势,7312,0.9568181818181818,0.9173657024793387,A_lock,1.0,1.0,0.0,0.0,0.0
1.75,user_quality,用户侧质量优势,7313,0.9750000000000001,0.9512500000000002,A_lock,1.0,1.0,0.0,0.0,0.0
1.75,user_quality,用户侧质量优势,7314,0.9727272727272727,0.9469421487603304,A_lock,1.0,1.0,0.0,0.0,0.0
2.0,merchant_quality,商户侧质量优势,7300,0.9931818181818182,0.986456611570248,A_lock,1.0,2.0,0.0,0.0,0.0
2.0,merchant_quality,商户侧质量优势,7301,0.9954545454545455,0.9909504132231406,A_lock,1.0,2.0,0.0,0.0,0.0
2.0,merchant_quality,商户侧质量优势,7302,0.990909090909091,0.9819834710743802,A_lock,1.0,3.0,0.0,0.0,0.0
2.0,merchant_quality,商户侧质量优势,7303,0.9954545454545455,0.9909504132231406,A_lock,1.0,2.0,0.0,0.0,0.0
2.0,merchant_quality,商户侧质量优势,7304,0.9954545454545455,0.9909504132231406,A_lock,1.0,3.0,0.0,0.0,0.0
2.0,merchant_quality,商户侧质量优势,7305,0.9931818181818182,0.986456611570248,A_lock,1.0,3.0,0.0,0.0,0.0
2.0,merchant_quality,商户侧质量优势,7306,1.0,1.0,A_lock,1.0,2.0,0.0,0.0,0.0
2.0,merchant_quality,商户侧质量优势,7307,0.9977272727272728,0.995464876033058,A_lock,1.0,2.0,0.0,0.0,0.0
2.0,merchant_quality,商户侧质量优势,7308,0.9931818181818182,0.986456611570248,A_lock,1.0,2.0,0.0,0.0,0.0
2.0,merchant_quality,商户侧质量优势,7309,0.9977272727272728,0.995464876033058,A_lock,1.0,2.0,0.0,0.0,0.0
2.0,merchant_quality,商户侧质量优势,7310,0.9931818181818182,0.986456611570248,A_lock,1.0,2.0,0.0,0.0,0.0
2.0,merchant_quality,商户侧质量优势,7311,0.9954545454545455,0.9909504132231406,A_lock,1.0,3.0,0.0,0.0,0.0
2.0,merchant_quality,商户侧质量优势,7312,0.9954545454545455,0.9909504132231406,A_lock,1.0,3.0,0.0,0.0,0.0
2.0,merchant_quality,商户侧质量优势,7313,0.9863636363636363,0.9730991735537189,A_lock,1.0,2.0,0.0,0.0,0.0
2.0,merchant_quality,商户侧质量优势,7314,1.0,1.0,A_lock,1.0,2.0,0.0,0.0,0.0
2.0,no_quality,无质量优势,7300,0.03636363636363636,0.9299173553719009,B_lock,0.0,,0.0,0.0,0.0
2.0,no_quality,无质量优势,7301,0.075,0.8612500000000001,B_lock,0.0,,0.0,0.0,0.0
2.0,no_quality,无质量优势,7302,0.022727272727272728,0.9555785123966942,B_lock,0.0,,0.0,0.0,0.0
2.0,no_quality,无质量优势,7303,0.0659090909090909,0.8768698347107438,B_lock,0.0,,0.0,0.0,0.0
2.0,no_quality,无质量优势,7304,0.07045454545454545,0.8690185950413223,B_lock,0.0,,0.0,0.0,0.0
2.0,no_quality,无质量优势,7305,0.05454545454545454,0.8968595041322314,B_lock,0.0,,0.0,0.0,0.0
2.0,no_quality,无质量优势,7306,0.04318181818181818,0.9173657024793387,B_lock,0.0,,0.0,0.0,0.0
2.0,no_quality,无质量优势,7307,0.04318181818181818,0.9173657024793387,B_lock,0.0,,0.0,0.0,0.0
2.0,no_quality,无质量优势,7308,0.05909090909090909,0.888801652892562,B_lock,0.0,,0.0,0.0,0.0
2.0,no_quality,无质量优势,7309,0.045454545454545456,0.913223140495868,B_lock,0.0,,0.0,0.0,0.0
2.0,no_quality,无质量优势,7310,0.045454545454545456,0.913223140495868,B_lock,0.0,,0.0,0.0,0.0
2.0,no_quality,无质量优势,7311,0.05909090909090909,0.888801652892562,B_lock,0.0,,0.0,0.0,0.0
2.0,no_quality,无质量优势,7312,0.03409090909090909,0.9341425619834711,B_lock,0.0,,0.0,0.0,0.0
2.0,no_quality,无质量优势,7313,0.04090909090909091,0.9215289256198347,B_lock,0.0,,0.0,0.0,0.0
2.0,no_quality,无质量优势,7314,0.031818181818181815,0.9383884297520659,B_lock,0.0,,0.0,0.0,0.0
2.0,quality_plus_subsidy,双边质量+少量精准补贴,7300,0.9954545454545455,0.9909504132231406,A_lock,1.0,1.0,2800.0,0.0002483766233766234,0.0
2.0,quality_plus_subsidy,双边质量+少量精准补贴,7301,1.0,1.0,A_lock,1.0,1.0,2480.0,0.000282258064516129,0.0
2.0,quality_plus_subsidy,双边质量+少量精准补贴,7302,0.9977272727272728,0.995464876033058,A_lock,1.0,1.0,2800.0,0.0002491883116883117,0.0
2.0,quality_plus_subsidy,双边质量+少量精准补贴,7303,0.9954545454545455,0.9909504132231406,A_lock,1.0,1.0,3360.0,0.0002069805194805195,0.0
2.0,quality_plus_subsidy,双边质量+少量精准补贴,7304,1.0,1.0,A_lock,1.0,1.0,2720.0,0.00025735294117647055,0.0
2.0,quality_plus_subsidy,双边质量+少量精准补贴,7305,1.0,1.0,A_lock,1.0,1.0,2400.0,0.00029166666666666664,0.0
2.0,quality_plus_subsidy,双边质量+少量精准补贴,7306,1.0,1.0,A_lock,1.0,1.0,3680.0,0.00019021739130434782,0.0
2.0,quality_plus_subsidy,双边质量+少量精准补贴,7307,0.9977272727272728,0.995464876033058,A_lock,1.0,1.0,2720.0,0.0002565173796791444,0.0
2.0,quality_plus_subsidy,双边质量+少量精准补贴,7308,1.0,1.0,A_lock,1.0,1.0,2160.0,0.00032407407407407406,0.0
2.0,quality_plus_subsidy,双边质量+少量精准补贴,7309,1.0,1.0,A_lock,1.0,1.0,2800.0,0.00025,0.0
2.0,quality_plus_subsidy,双边质量+少量精准补贴,7310,0.9954545454545455,0.9909504132231406,A_lock,1.0,1.0,1840.0,0.0003779644268774704,0.0
2.0,quality_plus_subsidy,双边质量+少量精准补贴,7311,1.0,1.0,A_lock,1.0,1.0,2880.0,0.00024305555555555555,0.0
2.0,quality_plus_subsidy,双边质量+少量精准补贴,7312,0.9954545454545455,0.9909504132231406,A_lock,1.0,1.0,2480.0,0.000280425219941349,0.0
2.0,quality_plus_subsidy,双边质量+少量精准补贴,7313,0.9931818181818182,0.986456611570248,A_lock,1.0,1.0,2480.0,0.0002795087976539589,0.0
2.0,quality_plus_subsidy,双边质量+少量精准补贴,7314,1.0,1.0,A_lock,1.0,1.0,2480.0,0.000282258064516129,0.0
2.0,two_sided_quality,双边质量优势,7300,0.9954545454545455,0.9909504132231406,A_lock,1.0,1.0,0.0,0.0,0.0
2.0,two_sided_quality,双边质量优势,7301,1.0,1.0,A_lock,1.0,1.0,0.0,0.0,0.0
2.0,two_sided_quality,双边质量优势,7302,0.9977272727272728,0.995464876033058,A_lock,1.0,1.0,0.0,0.0,0.0
2.0,two_sided_quality,双边质量优势,7303,0.9954545454545455,0.9909504132231406,A_lock,1.0,1.0,0.0,0.0,0.0
2.0,two_sided_quality,双边质量优势,7304,1.0,1.0,A_lock,1.0,1.0,0.0,0.0,0.0
2.0,two_sided_quality,双边质量优势,7305,1.0,1.0,A_lock,1.0,1.0,0.0,0.0,0.0
2.0,two_sided_quality,双边质量优势,7306,1.0,1.0,A_lock,1.0,1.0,0.0,0.0,0.0
2.0,two_sided_quality,双边质量优势,7307,0.9977272727272728,0.995464876033058,A_lock,1.0,1.0,0.0,0.0,0.0
2.0,two_sided_quality,双边质量优势,7308,1.0,1.0,A_lock,1.0,1.0,0.0,0.0,0.0
2.0,two_sided_quality,双边质量优势,7309,1.0,1.0,A_lock,1.0,1.0,0.0,0.0,0.0
2.0,two_sided_quality,双边质量优势,7310,0.9954545454545455,0.9909504132231406,A_lock,1.0,1.0,0.0,0.0,0.0
2.0,two_sided_quality,双边质量优势,7311,1.0,1.0,A_lock,1.0,1.0,0.0,0.0,0.0
2.0,two_sided_quality,双边质量优势,7312,0.9954545454545455,0.9909504132231406,A_lock,1.0,1.0,0.0,0.0,0.0
2.0,two_sided_quality,双边质量优势,7313,0.9931818181818182,0.986456611570248,A_lock,1.0,1.0,0.0,0.0,0.0
2.0,two_sided_quality,双边质量优势,7314,1.0,1.0,A_lock,1.0,1.0,0.0,0.0,0.0
2.0,user_quality,用户侧质量优势,7300,0.9522727272727273,0.9091012396694216,A_lock,1.0,1.0,0.0,0.0,0.0
2.0,user_quality,用户侧质量优势,7301,0.9386363636363636,0.8848037190082645,A_lock,1.0,1.0,0.0,0.0,0.0
2.0,user_quality,用户侧质量优势,7302,0.9659090909090909,0.9341425619834711,A_lock,1.0,1.0,0.0,0.0,0.0
2.0,user_quality,用户侧质量优势,7303,0.9545454545454546,0.913223140495868,A_lock,1.0,1.0,0.0,0.0,0.0
2.0,user_quality,用户侧质量优势,7304,0.9545454545454546,0.913223140495868,A_lock,1.0,1.0,0.0,0.0,0.0
2.0,user_quality,用户侧质量优势,7305,0.9659090909090909,0.9341425619834711,A_lock,1.0,1.0,0.0,0.0,0.0
2.0,user_quality,用户侧质量优势,7306,0.9727272727272727,0.9469421487603304,A_lock,1.0,1.0,0.0,0.0,0.0
2.0,user_quality,用户侧质量优势,7307,0.9431818181818181,0.8928202479338843,A_lock,1.0,1.0,0.0,0.0,0.0
2.0,user_quality,用户侧质量优势,7308,0.9636363636363636,0.9299173553719009,A_lock,1.0,1.0,0.0,0.0,0.0
2.0,user_quality,用户侧质量优势,7309,0.9636363636363636,0.9299173553719009,A_lock,1.0,1.0,0.0,0.0,0.0
2.0,user_quality,用户侧质量优势,7310,0.9568181818181818,0.9173657024793387,A_lock,1.0,1.0,0.0,0.0,0.0
2.0,user_quality,用户侧质量优势,7311,0.9522727272727273,0.9091012396694216,A_lock,1.0,1.0,0.0,0.0,0.0
2.0,user_quality,用户侧质量优势,7312,0.9568181818181818,0.9173657024793387,A_lock,1.0,1.0,0.0,0.0,0.0
2.0,user_quality,用户侧质量优势,7313,0.9750000000000001,0.9512500000000002,A_lock,1.0,1.0,0.0,0.0,0.0
2.0,user_quality,用户侧质量优势,7314,0.9727272727272727,0.9469421487603304,A_lock,1.0,1.0,0.0,0.0,0.0
