u_A,merchant_A_presence,merchant_B_presence,merchant_A_only,merchant_B_only,merchant_multi,L_A,concentration,total_subsidy_spend,shortage_A,shortage_B,q_B,step,seed,period_profit_B,discounted_profit_B,period_user_subsidy_spend,period_merchant_subsidy_spend,period_quality_investment,experiment,version,removed_mechanism,strategy,strategy_label,u0,m0,budget,subsidy_policy,final_L_B,b_break_60,lock_state,b_lock,total_user_subsidy,total_merchant_subsidy,total_quality_investment,max_shortage_B,avg_shortage_B,total_spend
1.0,0.25,0.75,0.25,0.75,0.0,0.625,0.75,132.23999999999972,0.0,20.76922982248524,1.1999999999933095,300,7907,-0.56,111.44768573409128,0.0,0.32000000000000006,0.24,optimal_strategy_ablation,w/o network effect,去掉双边网络效应,targeted_long_term,w/o network effect,0.8,0.8,0.8,two_sided_targeted,0.375,0.0,tilted,0.0,36.24,96.00000000000001,72.0,47.142853877551204,11.715281016478754,204.24
1.0,0.45,0.55,0.45,0.55,0.0,0.725,0.55,132.23999999999972,0.0,14.999999375000016,1.1999999998635624,300,7906,-0.56,118.22280732005532,0.0,0.32000000000000006,0.24,optimal_strategy_ablation,w/o network effect,去掉双边网络效应,targeted_long_term,w/o network effect,0.8,0.8,0.8,two_sided_targeted,0.275,0.0,tilted,0.0,36.24,96.00000000000001,72.0,69.99999360000052,12.094262050952887,204.24
0.0,0.25,0.75,0.25,0.75,0.0,0.125,0.75,132.23999999999972,47.142853877551204,0.0,1.1999999999999844,300,7909,6.7,127.61466381035078,0.24,0.32000000000000006,0.24,optimal_strategy_ablation,w/o network effect,去掉双边网络效应,targeted_long_term,w/o network effect,0.8,0.8,0.8,two_sided_targeted,0.875,1.0,tilted,0.0,36.24,96.00000000000001,72.0,56.66666222222253,11.744852310191808,204.24
1.0,0.55,0.45,0.55,0.45,0.0,0.775,0.55,132.23999999999972,0.0,34.444442469135886,1.1999999999996729,300,7908,-0.56,117.1205285923704,0.0,0.32000000000000006,0.24,optimal_strategy_ablation,w/o network effect,去掉双边网络效应,targeted_long_term,w/o network effect,0.8,0.8,0.8,two_sided_targeted,0.22499999999999998,0.0,tilted,0.0,36.24,96.00000000000001,72.0,39.99999750000012,11.353768626499834,204.24
1.0,0.35,0.65,0.35,0.65,0.0,0.675,0.65,132.23999999999972,0.0,20.76922982248524,1.1999988431860629,300,7903,-0.56,108.22013822898042,0.0,0.32000000000000006,0.24,optimal_strategy_ablation,w/o network effect,去掉双边网络效应,targeted_long_term,w/o network effect,0.8,0.8,0.8,two_sided_targeted,0.32499999999999996,0.0,tilted,0.0,36.24,96.00000000000001,72.0,47.142853877551204,12.18561607232507,204.24
1.0,0.4,0.6,0.4,0.6,0.0,0.7,0.6,132.23999999999972,0.0,26.363635041322354,1.1999764112388216,300,7902,-0.56,114.28837840875605,0.0,0.32000000000000006,0.24,optimal_strategy_ablation,w/o network effect,去掉双边网络效应,targeted_long_term,w/o network effect,0.8,0.8,0.8,two_sided_targeted,0.30000000000000004,0.0,tilted,0.0,36.24,96.00000000000001,72.0,47.142853877551204,12.077024524260509,204.24
1.0,0.2,0.8,0.2,0.8,0.0,0.6,0.8,132.23999999999972,0.0,20.76922982248524,1.199999997217853,300,7905,-0.56,111.67067341074919,0.0,0.32000000000000006,0.24,optimal_strategy_ablation,w/o network effect,去掉双边网络效应,targeted_long_term,w/o network effect,0.8,0.8,0.8,two_sided_targeted,0.4,0.0,A_lock,0.0,36.24,96.00000000000001,72.0,39.99999750000012,11.728084567777778,204.24
0.0,0.4,0.6,0.4,0.6,0.0,0.2,0.6,132.23999999999972,47.142853877551204,0.0,1.1999999432688118,300,7904,5.2,120.59380156490806,0.24,0.32000000000000006,0.24,optimal_strategy_ablation,w/o network effect,去掉双边网络效应,targeted_long_term,w/o network effect,0.8,0.8,0.8,two_sided_targeted,0.8,1.0,tilted,0.0,36.24,96.00000000000001,72.0,69.99999360000052,11.892768473806235,204.24
1.0,0.6,0.4,0.6,0.4,0.0,0.8,0.6,130.95999999999975,0.0,12.222221728395073,1.19999999999999,300,7913,-0.56,179.552360423938,0.0,0.32000000000000006,0.24,optimal_strategy_ablation,Full targeted long-term,完整：针对性长期补贴+质量投资+供给惩罚,targeted_long_term,Full targeted long-term,0.8,0.8,0.8,two_sided_targeted,0.19999999999999996,0.0,tilted,0.0,36.24,94.72000000000001,72.0,20.76922982248524,6.907721621071734,202.96
0.0,0.3,0.7,0.3,0.7,0.0,0.15,0.7,132.23999999999972,23.33333222222226,0.0,1.19999999999999,300,7912,6.2,156.28963578469777,0.24,0.32000000000000006,0.24,optimal_strategy_ablation,Full targeted long-term,完整：针对性长期补贴+质量投资+供给惩罚,targeted_long_term,Full targeted long-term,0.8,0.8,0.8,two_sided_targeted,0.85,1.0,tilted,0.0,36.24,96.00000000000001,72.0,29.99999840000006,7.887770448176599,204.24
0.0,0.25,0.75,0.25,0.75,0.0,0.125,0.75,131.59999999999974,23.33333222222226,0.0,1.19999999999999,300,7915,6.7,157.34736801317433,0.24,0.32000000000000006,0.24,optimal_strategy_ablation,Full targeted long-term,完整：针对性长期补贴+质量投资+供给惩罚,targeted_long_term,Full targeted long-term,0.8,0.8,0.8,two_sided_targeted,0.875,1.0,tilted,0.0,36.24,95.36000000000001,72.0,23.33333222222226,7.653020568701374,203.60000000000002
0.0,0.1,0.9,0.1,0.9,0.0,0.05,0.9,130.95999999999975,26.363635041322354,0.0,1.19999999999999,300,7914,8.2,166.72734407072727,0.24,0.32000000000000006,0.24,optimal_strategy_ablation,Full targeted long-term,完整：针对性长期补贴+质量投资+供给惩罚,targeted_long_term,Full targeted long-term,0.8,0.8,0.8,two_sided_targeted,0.95,1.0,B_lock,1.0,36.24,94.72000000000001,72.0,23.33333222222226,7.253327365796433,202.96
0.0,0.15,0.85,0.15,0.85,0.0,0.075,0.85,131.59999999999974,16.666665955555576,0.0,1.1999999999999844,300,7909,7.7,169.64769616723794,0.24,0.32000000000000006,0.24,optimal_strategy_ablation,Full targeted long-term,完整：针对性长期补贴+质量投资+供给惩罚,targeted_long_term,Full targeted long-term,0.8,0.8,0.8,two_sided_targeted,0.925,1.0,B_lock,1.0,36.24,95.36000000000001,72.0,29.99999840000006,7.2130575420592065,203.60000000000002
1.0,0.75,0.25,0.75,0.25,0.0,0.875,0.75,132.23999999999972,0.0,13.529411211072677,1.1999999999996729,300,7908,-0.56,155.3043119960606,0.0,0.32000000000000006,0.24,optimal_strategy_ablation,Full targeted long-term,完整：针对性长期补贴+质量投资+供给惩罚,targeted_long_term,Full targeted long-term,0.8,0.8,0.8,two_sided_targeted,0.125,0.0,tilted,0.0,36.24,96.00000000000001,72.0,29.99999840000006,7.5097263694537215,204.24
0.0,0.15,0.85,0.15,0.85,0.0,0.075,0.85,132.15999999999974,23.33333222222226,0.0,1.19999999999999,300,7911,7.7,160.56159552277506,0.24,0.32000000000000006,0.24,optimal_strategy_ablation,Full targeted long-term,完整：针对性长期补贴+质量投资+供给惩罚,targeted_long_term,Full targeted long-term,0.8,0.8,0.8,two_sided_targeted,0.925,1.0,B_lock,1.0,36.48,95.68000000000002,72.0,23.33333222222226,7.716758781847741,204.16000000000003
0.0,0.3,0.7,0.3,0.7,0.0,0.15,0.7,132.15999999999974,20.76922982248524,0.0,1.19999999999999,300,7910,6.2,160.04726820431932,0.24,0.32000000000000006,0.24,optimal_strategy_ablation,Full targeted long-term,完整：针对性长期补贴+质量投资+供给惩罚,targeted_long_term,Full targeted long-term,0.8,0.8,0.8,two_sided_targeted,0.85,1.0,tilted,0.0,36.48,95.68000000000002,72.0,26.363635041322354,7.863580445203219,204.16000000000003
0.0,0.35,0.65,0.35,0.65,0.0,0.175,0.65,132.23999999999972,39.99999750000012,0.0,1.19999999999999,300,7915,5.7,111.35309812267614,0.24,0.32000000000000006,0.24,optimal_strategy_ablation,w/o network effect,去掉双边网络效应,targeted_long_term,w/o network effect,0.8,0.8,0.8,two_sided_targeted,0.825,1.0,tilted,0.0,36.24,96.00000000000001,72.0,47.142853877551204,12.127834307932117,204.24
0.0,0.45,0.55,0.45,0.55,0.0,0.225,0.55,132.23999999999972,56.66666222222253,0.0,1.19999999999999,300,7914,4.7,116.50799752539577,0.24,0.32000000000000006,0.24,optimal_strategy_ablation,w/o network effect,去掉双边网络效应,targeted_long_term,w/o network effect,0.8,0.8,0.8,two_sided_targeted,0.775,1.0,tilted,0.0,36.24,96.00000000000001,72.0,47.142853877551204,11.58463901156126,204.24
1.0,0.4,0.6,0.4,0.6,0.0,0.7,0.6,132.23999999999972,0.0,16.666665955555576,1.19999999999999,300,7919,-0.56,126.07145957861971,0.0,0.32000000000000006,0.24,optimal_strategy_ablation,w/o network effect,去掉双边网络效应,targeted_long_term,w/o network effect,0.8,0.8,0.8,two_sided_targeted,0.30000000000000004,0.0,tilted,0.0,36.24,96.00000000000001,72.0,56.66666222222253,11.45568286123875,204.24
0.0,0.3,0.7,0.3,0.7,0.0,0.15,0.7,132.23999999999972,34.444442469135886,0.0,1.19999999999999,300,7916,6.2,119.46473970009932,0.24,0.32000000000000006,0.24,optimal_strategy_ablation,w/o network effect,去掉双边网络效应,targeted_long_term,w/o network effect,0.8,0.8,0.8,two_sided_targeted,0.85,1.0,tilted,0.0,36.24,96.00000000000001,72.0,47.142853877551204,11.8488048372067,204.24
1.0,0.3,0.7,0.3,0.7,0.0,0.65,0.7,132.23999999999972,0.0,18.571427755102068,1.19999999999999,300,7911,-0.56,113.42683183294714,0.0,0.32000000000000006,0.24,optimal_strategy_ablation,w/o network effect,去掉双边网络效应,targeted_long_term,w/o network effect,0.8,0.8,0.8,two_sided_targeted,0.35,0.0,tilted,0.0,36.24,96.00000000000001,72.0,39.99999750000012,11.675950069809804,204.24
1.0,0.45,0.55,0.45,0.55,0.0,0.725,0.55,132.23999999999972,0.0,26.363635041322354,1.19999999999999,300,7910,-0.56,114.18633515615727,0.0,0.32000000000000006,0.24,optimal_strategy_ablation,w/o network effect,去掉双边网络效应,targeted_long_term,w/o network effect,0.8,0.8,0.8,two_sided_targeted,0.275,0.0,tilted,0.0,36.24,96.00000000000001,72.0,69.99999360000052,11.786669501686601,204.24
0.0,0.3,0.7,0.3,0.7,0.0,0.15,0.7,132.23999999999972,69.99999360000052,0.0,1.19999999999999,300,7913,6.2,112.4734582914173,0.24,0.32000000000000006,0.24,optimal_strategy_ablation,w/o network effect,去掉双边网络效应,targeted_long_term,w/o network effect,0.8,0.8,0.8,two_sided_targeted,0.85,1.0,tilted,0.0,36.24,96.00000000000001,72.0,56.66666222222253,12.036188706669886,204.24
0.0,0.4,0.6,0.4,0.6,0.0,0.2,0.6,132.23999999999972,34.444442469135886,0.0,1.19999999999999,300,7912,5.2,117.47800132371245,0.24,0.32000000000000006,0.24,optimal_strategy_ablation,w/o network effect,去掉双边网络效应,targeted_long_term,w/o network effect,0.8,0.8,0.8,two_sided_targeted,0.8,1.0,tilted,0.0,36.24,96.00000000000001,72.0,47.142853877551204,11.305678306382507,204.24
0.0,0.05,0.95,0.05,0.95,0.0,0.025,0.95,130.87999999999977,20.76922982248524,0.0,1.199999997217853,300,7905,8.7,168.2500105602447,0.24,0.32000000000000006,0.24,optimal_strategy_ablation,Full targeted long-term,完整：针对性长期补贴+质量投资+供给惩罚,targeted_long_term,Full targeted long-term,0.8,0.8,0.8,two_sided_targeted,0.975,1.0,B_lock,1.0,36.48,94.40000000000002,72.0,23.33333222222226,7.241708876348781,202.88000000000002
0.0,0.2,0.8,0.2,0.8,0.0,0.1,0.8,131.91999999999973,26.363635041322354,0.0,1.1999999432688118,300,7904,7.2,161.34789814867915,0.24,0.32000000000000006,0.24,optimal_strategy_ablation,Full targeted long-term,完整：针对性长期补贴+质量投资+供给惩罚,targeted_long_term,Full targeted long-term,0.8,0.8,0.8,two_sided_targeted,0.9,1.0,B_lock,1.0,36.24,95.68000000000002,72.0,26.363635041322354,7.5160846324537705,203.92000000000002
0.0,0.0,1.0,0.0,1.0,0.0,0.0,1.0,132.47999999999973,23.33333222222226,0.0,1.1999999999933095,300,7907,9.2,161.59674873794913,0.24,0.32000000000000006,0.24,optimal_strategy_ablation,Full targeted long-term,完整：针对性长期补贴+质量投资+供给惩罚,targeted_long_term,Full targeted long-term,0.8,0.8,0.8,two_sided_targeted,1.0,1.0,B_lock,1.0,36.48,96.00000000000001,72.0,23.33333222222226,7.469249512627913,204.48000000000002
1.0,0.7,0.3,0.7,0.3,0.0,0.85,0.7,131.27999999999975,0.0,11.052631135734082,1.1999999998635624,300,7906,-0.56,168.23315804894077,0.0,0.32000000000000006,0.24,optimal_strategy_ablation,Full targeted long-term,完整：针对性长期补贴+质量投资+供给惩罚,targeted_long_term,Full targeted long-term,0.8,0.8,0.8,two_sided_targeted,0.15000000000000002,0.0,tilted,0.0,36.24,95.04000000000002,72.0,23.33333222222226,7.095421526767273,203.28000000000003
0.0,0.0,1.0,0.0,1.0,0.0,0.0,1.0,131.27999999999975,18.571427755102068,0.0,1.1995189981417385,300,7901,9.2,173.1130424959511,0.24,0.32000000000000006,0.24,optimal_strategy_ablation,Full targeted long-term,完整：针对性长期补贴+质量投资+供给惩罚,targeted_long_term,Full targeted long-term,0.8,0.8,0.8,two_sided_targeted,1.0,1.0,B_lock,1.0,36.24,95.04000000000002,72.0,23.33333222222226,6.902339222675763,203.28000000000003
1.0,0.7,0.3,0.7,0.3,0.0,0.85,0.7,131.91999999999973,0.0,12.222221728395073,1.1901918211857434,300,7900,-0.56,147.95840471643876,0.0,0.32000000000000006,0.24,optimal_strategy_ablation,Full targeted long-term,完整：针对性长期补贴+质量投资+供给惩罚,targeted_long_term,Full targeted long-term,0.8,0.8,0.8,two_sided_targeted,0.15000000000000002,0.0,tilted,0.0,36.24,95.68000000000002,72.0,29.999994666667384,8.082306303669395,203.92000000000002
1.0,0.65,0.35,0.65,0.35,0.0,0.825,0.65,131.27999999999972,0.0,13.529411211072677,1.1999988431860629,300,7903,-0.56,169.86474930524997,0.0,0.32000000000000006,0.24,optimal_strategy_ablation,Full targeted long-term,完整：针对性长期补贴+质量投资+供给惩罚,targeted_long_term,Full targeted long-term,0.8,0.8,0.8,two_sided_targeted,0.17500000000000004,0.0,tilted,0.0,36.24,95.04000000000002,72.0,18.571427755102068,6.910108664668337,203.28000000000003
0.0,0.2,0.8,0.2,0.8,0.0,0.1,0.8,131.91999999999973,18.571427755102068,0.0,1.1999764112388216,300,7902,7.2,161.5677032556357,0.24,0.32000000000000006,0.24,optimal_strategy_ablation,Full targeted long-term,完整：针对性长期补贴+质量投资+供给惩罚,targeted_long_term,Full targeted long-term,0.8,0.8,0.8,two_sided_targeted,0.9,1.0,B_lock,1.0,36.24,95.68000000000002,72.0,26.363635041322354,7.803612521895904,203.92000000000002
0.31,0.25,0.75,0.25,0.75,0.0,0.28,0.44,167.36000000000053,0.0,0.0,1.19999999999999,300,7916,4.375,266.593697625372,0.24,0.32000000000000006,0.24,optimal_strategy_ablation,w/o supply penalty,去掉供给不足惩罚,targeted_long_term,w/o supply penalty,0.8,0.8,0.8,two_sided_targeted,0.72,1.0,tilted,0.0,72.0,95.36000000000001,72.0,0.0,0.0,239.36
0.205,0.25,0.75,0.25,0.75,0.0,0.22749999999999998,0.545,166.7200000000005,0.0,0.0,1.19999999999999,300,7915,5.1625000000000005,258.2374899639294,0.24,0.32000000000000006,0.24,optimal_strategy_ablation,w/o supply penalty,去掉供给不足惩罚,targeted_long_term,w/o supply penalty,0.8,0.8,0.8,two_sided_targeted,0.7725,1.0,tilted,0.0,72.0,94.72000000000001,72.0,0.0,0.0,238.72000000000003
0.145,0.15,0.85,0.15,0.85,0.0,0.1475,0.705,167.0400000000005,0.0,0.0,1.19999999999999,300,7918,6.4675,260.8457620599245,0.24,0.32000000000000006,0.24,optimal_strategy_ablation,w/o supply penalty,去掉供给不足惩罚,targeted_long_term,w/o supply penalty,0.8,0.8,0.8,two_sided_targeted,0.8525,1.0,tilted,0.0,72.0,95.04000000000002,72.0,0.0,0.0,239.04000000000002
0.1525,0.15,0.85,0.15,0.85,0.0,0.15125,0.6975,164.48000000000047,0.0,0.0,1.19999999999999,300,7917,6.40375,297.2667706937875,0.24,0.32000000000000006,0.24,optimal_strategy_ablation,w/o supply penalty,去掉供给不足惩罚,targeted_long_term,w/o supply penalty,0.8,0.8,0.8,two_sided_targeted,0.84875,1.0,tilted,0.0,72.0,92.48000000000002,72.0,0.0,0.0,236.48000000000002
0.26,0.3,0.7,0.3,0.7,0.0,0.28,0.44,167.68000000000052,0.0,0.0,1.19999999999999,300,7912,4.38,227.81276283282273,0.24,0.32000000000000006,0.24,optimal_strategy_ablation,w/o supply penalty,去掉供给不足惩罚,targeted_long_term,w/o supply penalty,0.8,0.8,0.8,two_sided_targeted,0.72,1.0,tilted,0.0,72.0,95.68000000000002,72.0,0.0,0.0,239.68
0.1475,0.15,0.85,0.15,0.85,0.0,0.14875,0.7025,167.68000000000052,0.0,0.0,1.19999999999999,300,7911,6.44625,245.92501630174874,0.24,0.32000000000000006,0.24,optimal_strategy_ablation,w/o supply penalty,去掉供给不足惩罚,targeted_long_term,w/o supply penalty,0.8,0.8,0.8,two_sided_targeted,0.8512500000000001,1.0,tilted,0.0,72.0,95.68000000000002,72.0,0.0,0.0,239.68
0.155,0.1,0.9,0.1,0.9,0.0,0.1275,0.745,166.72000000000048,0.0,0.0,1.19999999999999,300,7914,6.805,263.50377719475534,0.24,0.32000000000000006,0.24,optimal_strategy_ablation,w/o supply penalty,去掉供给不足惩罚,targeted_long_term,w/o supply penalty,0.8,0.8,0.8,two_sided_targeted,0.8725,1.0,tilted,0.0,72.0,94.72000000000001,72.0,0.0,0.0,238.72000000000003
0.145,0.05,0.95,0.05,0.95,0.0,0.0975,0.8049999999999999,164.8000000000005,0.0,0.0,1.19999999999999,300,7913,7.322500000000001,282.01841586848514,0.24,0.32000000000000006,0.24,optimal_strategy_ablation,w/o supply penalty,去掉供给不足惩罚,targeted_long_term,w/o supply penalty,0.8,0.8,0.8,two_sided_targeted,0.9025,1.0,B_lock,1.0,72.0,92.80000000000001,72.0,0.0,0.0,236.8
0.0,0.2,0.8,0.2,0.8,0.0,0.1,0.8,168.15999999999934,16.666665955555576,0.0,0.8000000027821492,300,7905,7.2,133.31392321393824,0.48,0.16000000000000003,0.16000000000000003,optimal_strategy_ablation,replace by dynamic,长期固定配比改为动态配比,targeted_dynamic,replace by dynamic,0.8,0.8,0.8,two_sided_targeted,0.9,1.0,B_lock,1.0,71.84,96.32000000000001,48.00000000000001,56.66666222222253,9.395745408310333,216.16000000000003
0.0,0.25,0.75,0.25,0.75,0.0,0.125,0.75,168.31999999999934,20.76922982248524,0.0,0.8000000567311907,300,7904,6.7,130.19017569798964,0.48,0.16000000000000003,0.16000000000000003,optimal_strategy_ablation,replace by dynamic,长期固定配比改为动态配比,targeted_dynamic,replace by dynamic,0.8,0.8,0.8,two_sided_targeted,0.875,1.0,tilted,0.0,72.0,96.32000000000001,48.00000000000001,47.142853877551204,10.045929019538121,216.32
1.0,0.85,0.15,0.85,0.15,0.0,0.925,0.85,168.15999999999934,0.0,16.666665955555576,0.8000000000066919,300,7907,-0.64,126.35091968892175,0.0,0.48,0.16000000000000003,optimal_strategy_ablation,replace by dynamic,长期固定配比改为动态配比,targeted_dynamic,replace by dynamic,0.8,0.8,0.8,two_sided_targeted,0.07499999999999996,0.0,A_lock,0.0,71.84,96.32000000000001,48.00000000000001,34.444442469135886,9.654088294297145,216.16000000000003
1.0,0.75,0.25,0.75,0.25,0.0,0.875,0.75,168.15999999999934,0.0,13.529411211072677,0.80000000013644,300,7906,-0.64,134.60484788234504,0.0,0.48,0.16000000000000003,optimal_strategy_ablation,replace by dynamic,长期固定配比改为动态配比,targeted_dynamic,replace by dynamic,0.8,0.8,0.8,two_sided_targeted,0.125,0.0,tilted,0.0,71.84,96.32000000000001,48.00000000000001,34.444442469135886,9.628902893660305,216.16000000000003
1.0,0.65,0.35,0.65,0.35,0.0,0.825,0.65,168.31999999999934,0.0,14.999999375000016,0.800481001858263,300,7901,-0.64,136.8891259262481,0.0,0.48,0.16000000000000003,optimal_strategy_ablation,replace by dynamic,长期固定配比改为动态配比,targeted_dynamic,replace by dynamic,0.8,0.8,0.8,two_sided_targeted,0.17500000000000004,0.0,tilted,0.0,71.67999999999999,96.64,48.00000000000001,34.444442469135886,9.08835389587986,216.32
1.0,0.8,0.2,0.8,0.2,0.0,0.9,0.8,168.15999999999934,0.0,23.33333222222226,0.8098081788142577,300,7900,-0.64,133.30277000944892,0.0,0.48,0.16000000000000003,optimal_strategy_ablation,replace by dynamic,长期固定配比改为动态配比,targeted_dynamic,replace by dynamic,0.8,0.8,0.8,two_sided_targeted,0.09999999999999998,0.0,A_lock,0.0,71.84,96.32000000000001,48.00000000000001,39.99999750000012,10.539177806044714,216.16000000000003
1.0,0.85,0.15,0.85,0.15,0.0,0.925,0.85,168.15999999999934,0.0,18.571427755102068,0.800001156813939,300,7903,-0.64,135.50721623268046,0.0,0.48,0.16000000000000003,optimal_strategy_ablation,replace by dynamic,长期固定配比改为动态配比,targeted_dynamic,replace by dynamic,0.8,0.8,0.8,two_sided_targeted,0.07499999999999996,0.0,A_lock,0.0,71.84,96.32000000000001,48.00000000000001,32.499991500001705,9.000153243111031,216.16000000000003
0.0,0.4,0.6,0.4,0.6,0.0,0.2,0.6,168.15999999999934,13.529411211072677,0.0,0.8000235887611798,300,7902,5.2,127.33824302540499,0.48,0.16000000000000003,0.16000000000000003,optimal_strategy_ablation,replace by dynamic,长期固定配比改为动态配比,targeted_dynamic,replace by dynamic,0.8,0.8,0.8,two_sided_targeted,0.8,1.0,tilted,0.0,71.84,96.32000000000001,48.00000000000001,47.142853877551204,10.579601089636034,216.16000000000003
0.205,0.3,0.7,0.3,0.7,0.0,0.2525,0.49500000000000005,163.5200000000005,0.0,0.0,1.1999999999996729,300,7908,4.765,281.25536159299753,0.24,0.32000000000000006,0.24,optimal_strategy_ablation,w/o supply penalty,去掉供给不足惩罚,targeted_long_term,w/o supply penalty,0.8,0.8,0.8,two_sided_targeted,0.7475,1.0,tilted,0.0,72.0,91.52000000000002,72.0,0.0,0.0,235.52000000000004
0.2125,0.05,0.95,0.05,0.95,0.0,0.13125,0.7375,166.7200000000005,0.0,0.0,1.1999999999933095,300,7907,6.6812499999999995,257.173027240677,0.24,0.32000000000000006,0.24,optimal_strategy_ablation,w/o supply penalty,去掉供给不足惩罚,targeted_long_term,w/o supply penalty,0.8,0.8,0.8,two_sided_targeted,0.86875,1.0,tilted,0.0,72.0,94.72000000000001,72.0,0.0,0.0,238.72000000000003
0.175,0.2,0.8,0.2,0.8,0.0,0.1875,0.625,166.40000000000052,0.0,0.0,1.19999999999999,300,7910,5.800000000000001,255.29674955216123,0.24,0.32000000000000006,0.24,optimal_strategy_ablation,w/o supply penalty,去掉供给不足惩罚,targeted_long_term,w/o supply penalty,0.8,0.8,0.8,two_sided_targeted,0.8125,1.0,tilted,0.0,72.0,94.40000000000002,72.0,0.0,0.0,238.40000000000003
0.2275,0.2,0.8,0.2,0.8,0.0,0.21375,0.5725,166.7200000000005,0.0,0.0,1.1999999999999844,300,7909,5.38,277.79778023693973,0.24,0.32000000000000006,0.24,optimal_strategy_ablation,w/o supply penalty,去掉供给不足惩罚,targeted_long_term,w/o supply penalty,0.8,0.8,0.8,two_sided_targeted,0.78625,1.0,tilted,0.0,72.0,94.72000000000001,72.0,0.0,0.0,238.72000000000003
0.16,0.2,0.8,0.2,0.8,0.0,0.18,0.6399999999999999,166.7200000000005,0.0,0.0,1.1999999432688118,300,7904,5.920000000000001,267.3011071984778,0.24,0.32000000000000006,0.24,optimal_strategy_ablation,w/o supply penalty,去掉供给不足惩罚,targeted_long_term,w/o supply penalty,0.8,0.8,0.8,two_sided_targeted,0.8200000000000001,1.0,tilted,0.0,72.0,94.72000000000001,72.0,0.0,0.0,238.72000000000003
0.21,0.25,0.75,0.25,0.75,0.0,0.22999999999999998,0.54,165.44000000000048,0.0,0.0,1.1999988431860629,300,7903,5.125000000000001,274.40413191988483,0.24,0.32000000000000006,0.24,optimal_strategy_ablation,w/o supply penalty,去掉供给不足惩罚,targeted_long_term,w/o supply penalty,0.8,0.8,0.8,two_sided_targeted,0.77,1.0,tilted,0.0,72.0,93.44000000000001,72.0,0.0,0.0,237.44
0.1825,0.1,0.9,0.1,0.9,0.0,0.14125,0.7175,167.0400000000005,0.0,0.0,1.1999999998635624,300,7906,6.557500000000001,272.72446716450406,0.24,0.32000000000000006,0.24,optimal_strategy_ablation,w/o supply penalty,去掉供给不足惩罚,targeted_long_term,w/o supply penalty,0.8,0.8,0.8,two_sided_targeted,0.85875,1.0,tilted,0.0,72.0,95.04000000000002,72.0,0.0,0.0,239.04000000000002
0.1975,0.05,0.95,0.05,0.95,0.0,0.12375,0.7525,165.12000000000052,0.0,0.0,1.199999997217853,300,7905,6.82375,265.5517677533273,0.24,0.32000000000000006,0.24,optimal_strategy_ablation,w/o supply penalty,去掉供给不足惩罚,targeted_long_term,w/o supply penalty,0.8,0.8,0.8,two_sided_targeted,0.87625,1.0,tilted,0.0,72.0,93.12000000000002,72.0,0.0,0.0,237.12
0.0,0.1,0.9,0.1,0.9,0.0,0.05,0.9,168.31999999999934,16.666665955555576,0.0,0.8000196307257742,300,7913,8.2,135.8250633771095,0.48,0.16000000000000003,0.16000000000000003,optimal_strategy_ablation,replace by dynamic,长期固定配比改为动态配比,targeted_dynamic,replace by dynamic,0.8,0.8,0.8,two_sided_targeted,0.95,1.0,B_lock,1.0,72.0,96.32000000000001,48.00000000000001,34.444442469135886,9.252212628976167,216.32
0.0,0.35,0.65,0.35,0.65,0.0,0.175,0.65,167.99999999999935,16.666665955555576,0.0,0.8004002929829314,300,7912,5.7,121.62287513263598,0.48,0.16000000000000003,0.16000000000000003,optimal_strategy_ablation,replace by dynamic,长期固定配比改为动态配比,targeted_dynamic,replace by dynamic,0.8,0.8,0.8,two_sided_targeted,0.825,1.0,tilted,0.0,71.92,96.08,48.16000000000001,39.99999750000012,10.815221101198603,216.16000000000003
0.0,0.35,0.65,0.35,0.65,0.0,0.175,0.65,168.15999999999934,20.76922982248524,0.0,0.8000000472120784,300,7915,5.7,117.92364382520284,0.48,0.16000000000000003,0.16000000000000003,optimal_strategy_ablation,replace by dynamic,长期固定配比改为动态配比,targeted_dynamic,replace by dynamic,0.8,0.8,0.8,two_sided_targeted,0.825,1.0,tilted,0.0,71.84,96.32000000000001,48.00000000000001,39.99999750000012,10.641903934960043,216.16000000000003
0.0,0.2,0.8,0.2,0.8,0.0,0.1,0.8,168.15999999999934,23.33333222222226,0.0,0.8000009627083442,300,7914,7.2,135.37708951909275,0.48,0.16000000000000003,0.16000000000000003,optimal_strategy_ablation,replace by dynamic,长期固定配比改为动态配比,targeted_dynamic,replace by dynamic,0.8,0.8,0.8,two_sided_targeted,0.9,1.0,B_lock,1.0,71.84,96.32000000000001,48.00000000000001,34.444442469135886,9.594232452768114,216.16000000000003
1.0,0.9,0.1,0.9,0.1,0.0,0.95,0.9,168.15999999999934,0.0,23.33333222222226,0.8000000000000167,300,7909,-0.64,133.08239701329154,0.0,0.48,0.16000000000000003,optimal_strategy_ablation,replace by dynamic,长期固定配比改为动态配比,targeted_dynamic,replace by dynamic,0.8,0.8,0.8,two_sided_targeted,0.050000000000000044,0.0,A_lock,0.0,71.84,96.32000000000001,48.00000000000001,34.444442469135886,9.539266953494183,216.16000000000003
1.0,0.8,0.2,0.8,0.2,0.0,0.9,0.8,168.15999999999934,0.0,20.76922982248524,0.8000000000003289,300,7908,-0.64,118.83132014962227,0.0,0.48,0.16000000000000003,optimal_strategy_ablation,replace by dynamic,长期固定配比改为动态配比,targeted_dynamic,replace by dynamic,0.8,0.8,0.8,two_sided_targeted,0.09999999999999998,0.0,A_lock,0.0,71.84,96.32000000000001,48.00000000000001,63.99997040001186,10.740549467875862,216.16000000000003
1.0,0.7,0.3,0.7,0.3,0.0,0.85,0.7,168.15999999999934,0.0,16.666665955555576,0.8000000000000063,300,7911,-0.64,112.912715102835,0.0,0.48,0.16000000000000003,optimal_strategy_ablation,replace by dynamic,长期固定配比改为动态配比,targeted_dynamic,replace by dynamic,0.8,0.8,0.8,two_sided_targeted,0.15000000000000002,0.0,tilted,0.0,71.84,96.32000000000001,48.00000000000001,47.142853877551204,10.974420550528341,216.16000000000003
1.0,0.6,0.4,0.6,0.4,0.0,0.8,0.6,168.15999999999934,0.0,20.76922982248524,0.8000000000000063,300,7910,-0.64,120.53982440593545,0.0,0.48,0.16000000000000003,optimal_strategy_ablation,replace by dynamic,长期固定配比改为动态配比,targeted_dynamic,replace by dynamic,0.8,0.8,0.8,two_sided_targeted,0.19999999999999996,0.0,tilted,0.0,71.84,96.32000000000001,48.00000000000001,47.142853877551204,10.365873554616842,216.16000000000003
0.0,0.15,0.85,0.15,0.85,0.0,0.075,0.85,131.59999999999974,23.33333222222226,0.0,1.1999999432688118,300,7904,7.7,168.9117520272144,0.24,0.32000000000000006,0.24,optimal_strategy_ablation,w/o heterogeneity,去掉个体异质性,targeted_long_term,w/o heterogeneity,0.8,0.8,0.8,two_sided_targeted,0.925,1.0,B_lock,1.0,36.24,95.36000000000001,72.0,23.33333222222226,7.209366498528553,203.60000000000002
1.0,0.6,0.4,0.6,0.4,0.0,0.8,0.6,131.27999999999975,0.0,13.529411211072677,1.1999988431860629,300,7903,-0.56,166.3341653887583,0.0,0.32000000000000006,0.24,optimal_strategy_ablation,w/o heterogeneity,去掉个体异质性,targeted_long_term,w/o heterogeneity,0.8,0.8,0.8,two_sided_targeted,0.19999999999999996,0.0,tilted,0.0,36.24,95.04000000000002,72.0,20.76922982248524,7.094103861367345,203.28000000000003
0.0,0.1,0.9,0.1,0.9,0.0,0.05,0.9,131.83999999999975,26.363635041322354,0.0,1.1999999998635624,300,7906,8.2,168.66551579693572,0.24,0.32000000000000006,0.24,optimal_strategy_ablation,w/o heterogeneity,去掉个体异质性,targeted_long_term,w/o heterogeneity,0.8,0.8,0.8,two_sided_targeted,0.95,1.0,B_lock,1.0,36.48,95.36000000000001,72.0,23.33333222222226,7.177024372752185,203.84
0.0,0.05,0.95,0.05,0.95,0.0,0.025,0.95,130.55999999999977,20.76922982248524,0.0,1.199999997217853,300,7905,8.7,168.15603015329,0.24,0.32000000000000006,0.24,optimal_strategy_ablation,w/o heterogeneity,去掉个体异质性,targeted_long_term,w/o heterogeneity,0.8,0.8,0.8,two_sided_targeted,0.975,1.0,B_lock,1.0,36.48,94.08000000000001,72.0,34.444442469135886,7.145475528336011,202.56
1.0,0.75,0.25,0.75,0.25,0.0,0.875,0.75,131.59999999999974,0.0,9.99999960000001,1.1901918211857434,300,7900,-0.24,161.26673166420596,0.0,0.0,0.24,optimal_strategy_ablation,w/o heterogeneity,去掉个体异质性,targeted_long_term,w/o heterogeneity,0.8,0.8,0.8,two_sided_targeted,0.125,0.0,tilted,0.0,36.24,95.36000000000001,72.0,28.333328222222903,7.334201341101885,203.60000000000002
0.155,0.15,0.85,0.15,0.85,0.0,0.1525,0.695,164.4800000000005,0.0,0.0,1.19999999999999,300,7919,6.382499999999999,289.49417498682084,0.24,0.32000000000000006,0.24,optimal_strategy_ablation,w/o supply penalty,去掉供给不足惩罚,targeted_long_term,w/o supply penalty,0.8,0.8,0.8,two_sided_targeted,0.8475,1.0,tilted,0.0,72.0,92.48000000000002,72.0,0.0,0.0,236.48000000000002
0.0,0.3,0.7,0.3,0.7,0.0,0.15,0.7,131.83999999999975,16.666665955555576,0.0,1.1999764112388216,300,7902,6.2,165.1143029085198,0.24,0.32000000000000006,0.24,optimal_strategy_ablation,w/o heterogeneity,去掉个体异质性,targeted_long_term,w/o heterogeneity,0.8,0.8,0.8,two_sided_targeted,0.85,1.0,tilted,0.0,36.48,95.36000000000001,72.0,20.76922982248524,7.351193202156237,203.84
1.0,0.65,0.35,0.65,0.35,0.0,0.825,0.65,130.31999999999974,0.0,12.222221728395073,1.1995189981417385,300,7901,-0.56,183.10995154208567,0.0,0.32000000000000006,0.24,optimal_strategy_ablation,w/o heterogeneity,去掉个体异质性,targeted_long_term,w/o heterogeneity,0.8,0.8,0.8,two_sided_targeted,0.17500000000000004,0.0,tilted,0.0,36.24,94.08000000000001,72.0,23.33333222222226,6.888054598318254,202.32000000000002
0.0,0.2,0.8,0.2,0.8,0.0,0.1,0.8,168.0000000000005,16.666665955555576,0.0,1.19999999999999,300,7917,7.2,161.36409167971274,0.24,0.32000000000000006,0.24,optimal_strategy_ablation,w/o targeting,去掉精准规则，改为统一补贴,targeted_long_term,w/o targeting,0.8,0.8,0.8,uniform,0.9,1.0,B_lock,1.0,72.0,96.00000000000001,72.0,29.99999840000006,7.467670339383487,240.0
0.0,0.2,0.8,0.2,0.8,0.0,0.1,0.8,168.0000000000005,16.666665955555576,0.0,1.19999999999999,300,7916,7.2,162.2799196609577,0.24,0.32000000000000006,0.24,optimal_strategy_ablation,w/o targeting,去掉精准规则，改为统一补贴,targeted_long_term,w/o targeting,0.8,0.8,0.8,uniform,0.9,1.0,B_lock,1.0,72.0,96.00000000000001,72.0,23.33333222222226,7.411223061521977,240.0
0.0,0.2,0.8,0.2,0.8,0.0,0.1,0.8,168.0000000000005,23.33333222222226,0.0,1.19999999999999,300,7919,7.2,167.64835112231805,0.24,0.32000000000000006,0.24,optimal_strategy_ablation,w/o targeting,去掉精准规则，改为统一补贴,targeted_long_term,w/o targeting,0.8,0.8,0.8,uniform,0.9,1.0,B_lock,1.0,72.0,96.00000000000001,72.0,34.444442469135886,7.27423609126446,240.0
1.0,0.8,0.2,0.8,0.2,0.0,0.9,0.8,168.0000000000005,0.0,14.999999375000016,1.19999999999999,300,7918,-0.8,155.59818860897064,0.24,0.32000000000000006,0.24,optimal_strategy_ablation,w/o targeting,去掉精准规则，改为统一补贴,targeted_long_term,w/o targeting,0.8,0.8,0.8,uniform,0.09999999999999998,0.0,A_lock,0.0,72.0,96.00000000000001,72.0,26.363635041322354,7.518723697397206,240.0
1.0,0.6,0.4,0.6,0.4,0.0,0.8,0.6,168.0000000000005,0.0,12.222221728395073,1.19999999999999,300,7913,-0.8,173.44430159688403,0.24,0.32000000000000006,0.24,optimal_strategy_ablation,w/o targeting,去掉精准规则，改为统一补贴,targeted_long_term,w/o targeting,0.8,0.8,0.8,uniform,0.19999999999999996,0.0,tilted,0.0,72.0,96.00000000000001,72.0,23.33333222222226,6.977150600334054,240.0
0.0,0.3,0.7,0.3,0.7,0.0,0.15,0.7,168.0000000000005,20.76922982248524,0.0,1.19999999999999,300,7912,6.2,149.71548100514502,0.24,0.32000000000000006,0.24,optimal_strategy_ablation,w/o targeting,去掉精准规则，改为统一补贴,targeted_long_term,w/o targeting,0.8,0.8,0.8,uniform,0.85,1.0,tilted,0.0,72.0,96.00000000000001,72.0,29.99999840000006,7.9263597640316545,240.0
0.0,0.25,0.75,0.25,0.75,0.0,0.125,0.75,168.0000000000005,23.33333222222226,0.0,1.19999999999999,300,7915,6.7,153.16878129063872,0.24,0.32000000000000006,0.24,optimal_strategy_ablation,w/o targeting,去掉精准规则，改为统一补贴,targeted_long_term,w/o targeting,0.8,0.8,0.8,uniform,0.875,1.0,tilted,0.0,72.0,96.00000000000001,72.0,23.33333222222226,7.609628019939697,240.0
0.0,0.1,0.9,0.1,0.9,0.0,0.05,0.9,168.0000000000005,26.363635041322354,0.0,1.19999999999999,300,7914,8.2,161.46411094698874,0.24,0.32000000000000006,0.24,optimal_strategy_ablation,w/o targeting,去掉精准规则，改为统一补贴,targeted_long_term,w/o targeting,0.8,0.8,0.8,uniform,0.95,1.0,B_lock,1.0,72.0,96.00000000000001,72.0,23.33333222222226,7.2484452700999435,240.0
0.1925,0.3,0.7,0.3,0.7,0.0,0.24625,0.5075000000000001,167.68000000000052,0.0,0.0,1.1901918211857434,300,7900,4.852499999999999,161.66742465504134,0.24,0.32000000000000006,0.24,optimal_strategy_ablation,w/o supply penalty,去掉供给不足惩罚,targeted_long_term,w/o supply penalty,0.8,0.8,0.8,two_sided_targeted,0.75375,1.0,tilted,0.0,72.0,95.68000000000002,72.0,0.0,0.0,239.68
0.0,0.25,0.75,0.25,0.75,0.0,0.125,0.75,189.257142857143,16.666665955555576,0.0,1.0,300,7919,6.7,159.259914197652,0.3428571428571429,0.4571428571428572,0.0,optimal_strategy_ablation,w/o quality investment,去掉质量投资，预算转入双边补贴,long_term_no_quality,w/o quality investment,0.8,0.8,0.8,two_sided_targeted,0.875,1.0,tilted,0.0,52.11428571428572,137.14285714285717,0.0,34.444442469135886,8.341302864652492,189.2571428571429
0.29,0.35,0.65,0.35,0.65,0.0,0.31999999999999995,0.36000000000000004,168.0000000000005,0.0,0.0,1.1999764112388216,300,7902,3.8150000000000004,238.4316483171309,0.24,0.32000000000000006,0.24,optimal_strategy_ablation,w/o supply penalty,去掉供给不足惩罚,targeted_long_term,w/o supply penalty,0.8,0.8,0.8,two_sided_targeted,0.68,1.0,tilted,0.0,72.0,96.00000000000001,72.0,0.0,0.0,240.0
0.155,0.05,0.95,0.05,0.95,0.0,0.10250000000000001,0.7949999999999999,166.72000000000054,0.0,0.0,1.1995189981417385,300,7901,7.227499999999998,284.06749475901177,0.24,0.32000000000000006,0.24,optimal_strategy_ablation,w/o supply penalty,去掉供给不足惩罚,targeted_long_term,w/o supply penalty,0.8,0.8,0.8,two_sided_targeted,0.8975,1.0,tilted,0.0,72.0,94.72000000000001,72.0,0.0,0.0,238.72000000000003
0.0,0.3,0.7,0.3,0.7,0.0,0.15,0.7,188.457142857143,11.052631135734082,0.0,1.0,300,7916,6.199999999999999,158.75047674660738,0.3428571428571429,0.4571428571428573,0.0,optimal_strategy_ablation,w/o quality investment,去掉质量投资，预算转入双边补贴,long_term_no_quality,w/o quality investment,0.8,0.8,0.8,two_sided_targeted,0.85,1.0,tilted,0.0,51.77142857142858,136.6857142857143,0.0,26.363635041322354,8.233689492747327,188.45714285714288
0.0,0.3,0.7,0.3,0.7,0.0,0.15,0.7,189.257142857143,20.76922982248524,0.0,1.0,300,7915,6.2,143.99169568389,0.3428571428571429,0.45714285714285724,0.0,optimal_strategy_ablation,w/o quality investment,去掉质量投资，预算转入双边补贴,long_term_no_quality,w/o quality investment,0.8,0.8,0.8,two_sided_targeted,0.85,1.0,tilted,0.0,52.11428571428572,137.14285714285717,0.0,29.99999840000006,8.79103317786404,189.2571428571429
1.0,0.8,0.2,0.8,0.2,0.0,0.9,0.8,188.91428571428585,0.0,14.999999375000016,1.0,300,7918,-0.45714285714285724,150.3825768495477,0.0,0.45714285714285724,0.0,optimal_strategy_ablation,w/o quality investment,去掉质量投资，预算转入双边补贴,long_term_no_quality,w/o quality investment,0.8,0.8,0.8,two_sided_targeted,0.09999999999999998,0.0,A_lock,0.0,51.77142857142858,137.14285714285717,0.0,26.363635041322354,8.341055188651524,188.91428571428574
1.0,0.75,0.25,0.75,0.25,0.0,0.875,0.75,188.457142857143,0.0,14.999999375000016,1.0,300,7917,-0.45714285714285724,159.4707389293802,0.0,0.45714285714285724,0.0,optimal_strategy_ablation,w/o quality investment,去掉质量投资，预算转入双边补贴,long_term_no_quality,w/o quality investment,0.8,0.8,0.8,two_sided_targeted,0.125,0.0,tilted,0.0,51.77142857142858,136.6857142857143,0.0,26.363635041322354,8.075745106633935,188.45714285714288
1.0,1.0,0.0,1.0,0.0,0.0,1.0,1.0,120.63999999999965,0.0,20.76922982248524,0.4014430055747869,300,7901,-0.16000000000000003,113.78296271815707,0.0,0.08000000000000002,0.08000000000000002,optimal_strategy_ablation,replace by greedy,长期配比改为偏用户贪心配比,targeted_greedy,replace by greedy,0.8,0.8,0.8,two_sided_targeted,0.0,0.0,A_lock,0.0,96.64000000000001,24.000000000000004,24.000000000000004,47.142853877551204,13.368638010537106,144.64000000000001
1.0,0.9,0.1,0.9,0.1,0.0,0.95,0.9,121.27999999999965,0.0,29.99999840000006,0.42942453644277184,300,7900,-0.16000000000000003,132.02592025616272,0.0,0.08000000000000002,0.08000000000000002,optimal_strategy_ablation,replace by greedy,长期配比改为偏用户贪心配比,targeted_greedy,replace by greedy,0.8,0.8,0.8,two_sided_targeted,0.050000000000000044,0.0,A_lock,0.0,97.28000000000002,24.000000000000004,24.000000000000004,69.99999360000052,14.224512740659529,145.28000000000003
1.0,1.0,0.0,1.0,0.0,0.0,1.0,1.0,120.63999999999965,0.0,20.76922982248524,0.4000034704418151,300,7903,-0.16000000000000003,113.25415294528696,0.0,0.08000000000000002,0.08000000000000002,optimal_strategy_ablation,replace by greedy,长期配比改为偏用户贪心配比,targeted_greedy,replace by greedy,0.8,0.8,0.8,two_sided_targeted,0.0,0.0,A_lock,0.0,96.64000000000001,24.000000000000004,24.000000000000004,124999990.0,415294.55911006476,144.64000000000001
0.0,0.6,0.4,0.6,0.4,0.0,0.3,0.6,120.63999999999965,11.052631135734082,0.0,0.4000707662835377,300,7902,3.1999999999999997,95.62116010000139,0.6400000000000001,0.08000000000000002,0.08000000000000002,optimal_strategy_ablation,replace by greedy,长期配比改为偏用户贪心配比,targeted_greedy,replace by greedy,0.8,0.8,0.8,two_sided_targeted,0.7,1.0,tilted,0.0,96.64000000000001,24.000000000000004,24.000000000000004,69.99999360000052,15.954617342247596,144.64000000000001
0.0,0.3,0.7,0.3,0.7,0.0,0.15,0.7,168.31999999999934,12.222221728395073,0.0,0.8000196308393199,300,7917,6.2,139.58754393065746,0.48,0.16000000000000003,0.16000000000000003,optimal_strategy_ablation,replace by dynamic,长期固定配比改为动态配比,targeted_dynamic,replace by dynamic,0.8,0.8,0.8,two_sided_targeted,0.85,1.0,tilted,0.0,72.0,96.32000000000001,48.00000000000001,39.99999750000012,9.496766417306382,216.32
0.0,0.35,0.65,0.35,0.65,0.0,0.175,0.65,167.99999999999935,11.052631135734082,0.0,0.8004002952982538,300,7916,5.7,136.99467462969568,0.48,0.16000000000000003,0.16000000000000003,optimal_strategy_ablation,replace by dynamic,长期固定配比改为动态配比,targeted_dynamic,replace by dynamic,0.8,0.8,0.8,two_sided_targeted,0.825,1.0,tilted,0.0,71.92,96.08,48.16000000000001,39.99999750000012,9.61529891635599,216.16000000000003
0.0,0.3,0.7,0.3,0.7,0.0,0.15,0.7,168.15999999999934,12.222221728395073,0.0,0.8000000472123516,300,7919,6.2,138.0593163325097,0.48,0.16000000000000003,0.16000000000000003,optimal_strategy_ablation,replace by dynamic,长期固定配比改为动态配比,targeted_dynamic,replace by dynamic,0.8,0.8,0.8,two_sided_targeted,0.85,1.0,tilted,0.0,71.84,96.32000000000001,48.00000000000001,34.444442469135886,9.854553001397722,216.16000000000003
0.0,0.45,0.55,0.45,0.55,0.0,0.225,0.55,168.15999999999934,20.76922982248524,0.0,0.8000009627139123,300,7918,4.7,122.94724226676308,0.48,0.16000000000000003,0.16000000000000003,optimal_strategy_ablation,replace by dynamic,长期固定配比改为动态配比,targeted_dynamic,replace by dynamic,0.8,0.8,0.8,two_sided_targeted,0.775,1.0,tilted,0.0,71.84,96.32000000000001,48.00000000000001,47.142853877551204,10.285086323606244,216.16000000000003
0.0,0.2,0.8,0.2,0.8,0.0,0.1,0.8,131.27999999999975,16.666665955555576,0.0,1.19999999999999,300,7912,7.2,169.6477842186723,0.24,0.32000000000000006,0.24,optimal_strategy_ablation,w/o heterogeneity,去掉个体异质性,targeted_long_term,w/o heterogeneity,0.8,0.8,0.8,two_sided_targeted,0.9,1.0,B_lock,1.0,36.24,95.04000000000002,72.0,23.33333222222226,7.125249066040996,203.28000000000003
1.0,0.7,0.3,0.7,0.3,0.0,0.85,0.7,131.59999999999974,0.0,12.222221728395073,1.19999999999999,300,7911,-0.56,160.89098659347513,0.0,0.32000000000000006,0.24,optimal_strategy_ablation,w/o heterogeneity,去掉个体异质性,targeted_long_term,w/o heterogeneity,0.8,0.8,0.8,two_sided_targeted,0.15000000000000002,0.0,tilted,0.0,36.24,95.36000000000001,72.0,23.33333222222226,7.32357070278543,203.60000000000002
0.0,0.1,0.9,0.1,0.9,0.0,0.05,0.9,130.31999999999977,23.33333222222226,0.0,1.19999999999999,300,7914,8.2,171.9302148149142,0.24,0.32000000000000006,0.24,optimal_strategy_ablation,w/o heterogeneity,去掉个体异质性,targeted_long_term,w/o heterogeneity,0.8,0.8,0.8,two_sided_targeted,0.95,1.0,B_lock,1.0,36.24,94.08000000000001,72.0,20.76922982248524,6.797037555844027,202.32000000000002
0.0,0.05,0.95,0.05,0.95,0.0,0.025,0.95,131.27999999999975,34.444442469135886,0.0,1.19999999999999,300,7913,8.7,169.77928855085128,0.24,0.32000000000000006,0.24,optimal_strategy_ablation,w/o heterogeneity,去掉个体异质性,targeted_long_term,w/o heterogeneity,0.8,0.8,0.8,two_sided_targeted,0.975,1.0,B_lock,1.0,36.24,95.04000000000002,72.0,26.363635041322354,7.12804015549627,203.28000000000003
1.0,0.75,0.25,0.75,0.25,0.0,0.875,0.75,130.95999999999975,0.0,16.666665955555576,1.1999999999996729,300,7908,-0.56,161.36221011516974,0.0,0.32000000000000006,0.24,optimal_strategy_ablation,w/o heterogeneity,去掉个体异质性,targeted_long_term,w/o heterogeneity,0.8,0.8,0.8,two_sided_targeted,0.125,0.0,tilted,0.0,36.24,94.72000000000001,72.0,23.33333222222226,7.129554808875705,202.96
0.0,0.0,1.0,0.0,1.0,0.0,0.0,1.0,130.55999999999977,20.76922982248524,0.0,1.1999999999933095,300,7907,9.2,167.34540014537998,0.24,0.32000000000000006,0.24,optimal_strategy_ablation,w/o heterogeneity,去掉个体异质性,targeted_long_term,w/o heterogeneity,0.8,0.8,0.8,two_sided_targeted,1.0,1.0,B_lock,1.0,36.48,94.08000000000001,72.0,23.33333222222226,7.1529425403204945,202.56
0.0,0.25,0.75,0.25,0.75,0.0,0.125,0.75,129.35999999999976,16.666665955555576,0.0,1.19999999999999,300,7910,6.7,169.70464242408258,0.24,0.32000000000000006,0.24,optimal_strategy_ablation,w/o heterogeneity,去掉个体异质性,targeted_long_term,w/o heterogeneity,0.8,0.8,0.8,two_sided_targeted,0.875,1.0,tilted,0.0,36.24,93.12000000000002,72.0,26.363635041322354,7.309305944784045,201.36
0.0,0.15,0.85,0.15,0.85,0.0,0.075,0.85,130.63999999999976,23.33333222222226,0.0,1.1999999999999844,300,7909,7.7,178.1003632152811,0.24,0.32000000000000006,0.24,optimal_strategy_ablation,w/o heterogeneity,去掉个体异质性,targeted_long_term,w/o heterogeneity,0.8,0.8,0.8,two_sided_targeted,0.925,1.0,B_lock,1.0,36.24,94.40000000000002,72.0,26.363635041322354,6.873688664325307,202.64000000000001
0.0,0.15,0.85,0.15,0.85,0.0,0.075,0.85,168.0000000000005,18.571427755102068,0.0,1.1999999999999844,300,7909,7.7,164.59389333150645,0.24,0.32000000000000006,0.24,optimal_strategy_ablation,w/o targeting,去掉精准规则，改为统一补贴,targeted_long_term,w/o targeting,0.8,0.8,0.8,uniform,0.925,1.0,B_lock,1.0,72.0,96.00000000000001,72.0,29.99999840000006,7.158045984925058,240.0
1.0,0.75,0.25,0.75,0.25,0.0,0.875,0.75,168.0000000000005,0.0,13.529411211072677,1.1999999999996729,300,7908,-0.8,149.4266281394739,0.24,0.32000000000000006,0.24,optimal_strategy_ablation,w/o targeting,去掉精准规则，改为统一补贴,targeted_long_term,w/o targeting,0.8,0.8,0.8,uniform,0.125,0.0,tilted,0.0,72.0,96.00000000000001,72.0,29.99999840000006,7.51734055891022,240.0
1.0,0.6,0.4,0.6,0.4,0.0,0.8,0.6,168.0000000000005,0.0,13.529411211072677,1.19999999999999,300,7911,-0.8,148.69247332128882,0.24,0.32000000000000006,0.24,optimal_strategy_ablation,w/o targeting,去掉精准规则，改为统一补贴,targeted_long_term,w/o targeting,0.8,0.8,0.8,uniform,0.19999999999999996,0.0,tilted,0.0,72.0,96.00000000000001,72.0,26.363635041322354,7.837737175029628,240.0
0.0,0.3,0.7,0.3,0.7,0.0,0.15,0.7,168.0000000000005,18.571427755102068,0.0,1.19999999999999,300,7910,6.2,153.38665568240017,0.24,0.32000000000000006,0.24,optimal_strategy_ablation,w/o targeting,去掉精准规则，改为统一补贴,targeted_long_term,w/o targeting,0.8,0.8,0.8,uniform,0.85,1.0,tilted,0.0,72.0,96.00000000000001,72.0,26.363635041322354,7.9782808429455505,240.0
1.0,0.5,0.5,0.5,0.5,0.0,0.75,0.5,168.0000000000005,0.0,14.999999375000016,1.199999997217853,300,7905,-0.8,155.22491161401095,0.24,0.32000000000000006,0.24,optimal_strategy_ablation,w/o targeting,去掉精准规则，改为统一补贴,targeted_long_term,w/o targeting,0.8,0.8,0.8,uniform,0.25,0.0,tilted,0.0,72.0,96.00000000000001,72.0,23.33333222222226,7.320497561911987,240.0
0.0,0.2,0.8,0.2,0.8,0.0,0.1,0.8,168.0000000000005,26.363635041322354,0.0,1.1999999432688118,300,7904,7.2,156.15534960152368,0.24,0.32000000000000006,0.24,optimal_strategy_ablation,w/o targeting,去掉精准规则，改为统一补贴,targeted_long_term,w/o targeting,0.8,0.8,0.8,uniform,0.9,1.0,B_lock,1.0,72.0,96.00000000000001,72.0,26.363635041322354,7.523630694220303,240.0
0.0,0.0,1.0,0.0,1.0,0.0,0.0,1.0,168.0000000000005,20.76922982248524,0.0,1.1999999999933095,300,7907,9.2,156.89311602890533,0.24,0.32000000000000006,0.24,optimal_strategy_ablation,w/o targeting,去掉精准规则，改为统一补贴,targeted_long_term,w/o targeting,0.8,0.8,0.8,uniform,1.0,1.0,B_lock,1.0,72.0,96.00000000000001,72.0,23.33333222222226,7.4151640454588446,240.0
1.0,0.7,0.3,0.7,0.3,0.0,0.85,0.7,168.0000000000005,0.0,11.052631135734082,1.1999999998635624,300,7906,-0.8,161.28970641331603,0.24,0.32000000000000006,0.24,optimal_strategy_ablation,w/o targeting,去掉精准规则，改为统一补贴,targeted_long_term,w/o targeting,0.8,0.8,0.8,uniform,0.15000000000000002,0.0,tilted,0.0,72.0,96.00000000000001,72.0,23.33333222222226,7.1999291638718885,240.0
0.0,0.3,0.7,0.3,0.7,0.0,0.15,0.7,188.91428571428585,20.76922982248524,0.0,1.0,300,7912,6.2,143.67855801932973,0.3428571428571429,0.45714285714285724,0.0,optimal_strategy_ablation,w/o quality investment,去掉质量投资，预算转入双边补贴,long_term_no_quality,w/o quality investment,0.8,0.8,0.8,two_sided_targeted,0.85,1.0,tilted,0.0,51.77142857142858,137.14285714285717,0.0,29.99999840000006,8.998015854015566,188.91428571428574
0.0,0.2,0.8,0.2,0.8,0.0,0.1,0.8,189.257142857143,20.76922982248524,0.0,1.0,300,7911,7.2,144.95460765281578,0.3428571428571429,0.45714285714285724,0.0,optimal_strategy_ablation,w/o quality investment,去掉质量投资，预算转入双边补贴,long_term_no_quality,w/o quality investment,0.8,0.8,0.8,two_sided_targeted,0.9,1.0,B_lock,1.0,52.11428571428572,137.14285714285717,0.0,29.99999840000006,8.834233690364226,189.2571428571429
0.0,0.15,0.85,0.15,0.85,0.0,0.075,0.85,188.91428571428585,23.33333222222226,0.0,1.0,300,7914,7.7,158.06405372188254,0.3428571428571429,0.45714285714285724,0.0,optimal_strategy_ablation,w/o quality investment,去掉质量投资，预算转入双边补贴,long_term_no_quality,w/o quality investment,0.8,0.8,0.8,two_sided_targeted,0.925,1.0,B_lock,1.0,51.77142857142858,137.14285714285717,0.0,26.363635041322354,8.12778919095797,188.91428571428574
1.0,0.6,0.4,0.6,0.4,0.0,0.8,0.6,188.00000000000014,0.0,12.222221728395073,1.0,300,7913,-0.45714285714285724,163.02776513383736,0.0,0.45714285714285724,0.0,optimal_strategy_ablation,w/o quality investment,去掉质量投资，预算转入双边补贴,long_term_no_quality,w/o quality investment,0.8,0.8,0.8,two_sided_targeted,0.19999999999999996,0.0,tilted,0.0,51.77142857142858,136.22857142857146,0.0,20.76922982248524,7.67184438443311,188.00000000000003
1.0,0.8,0.2,0.8,0.2,0.0,0.9,0.8,188.91428571428585,0.0,18.571427755102068,1.0,300,7908,-0.45714285714285724,144.79978798295548,0.0,0.45714285714285724,0.0,optimal_strategy_ablation,w/o quality investment,去掉质量投资，预算转入双边补贴,long_term_no_quality,w/o quality investment,0.8,0.8,0.8,two_sided_targeted,0.09999999999999998,0.0,A_lock,0.0,51.77142857142858,137.14285714285717,0.0,42.99998940000212,8.709845638119658,188.91428571428574
1.0,0.75,0.25,0.75,0.25,0.0,0.875,0.75,188.91428571428585,0.0,14.999999375000016,1.0,300,7907,-0.45714285714285724,151.01254844634659,0.0,0.45714285714285724,0.0,optimal_strategy_ablation,w/o quality investment,去掉质量投资，预算转入双边补贴,long_term_no_quality,w/o quality investment,0.8,0.8,0.8,two_sided_targeted,0.125,0.0,tilted,0.0,51.77142857142858,137.14285714285717,0.0,23.33333222222226,8.129450017127004,188.91428571428574
1.0,0.4,0.6,0.4,0.6,0.0,0.7,0.6,188.457142857143,0.0,13.529411211072677,1.0,300,7910,-0.45714285714285724,141.7943809056802,0.0,0.45714285714285724,0.0,optimal_strategy_ablation,w/o quality investment,去掉质量投资，预算转入双边补贴,long_term_no_quality,w/o quality investment,0.8,0.8,0.8,two_sided_targeted,0.30000000000000004,0.0,tilted,0.0,51.77142857142858,136.6857142857143,0.0,34.444442469135886,8.822823876435647,188.45714285714288
0.0,0.25,0.75,0.25,0.75,0.0,0.125,0.75,188.91428571428585,13.529411211072677,0.0,1.0,300,7909,6.7,156.8809856659572,0.3428571428571429,0.4571428571428572,0.0,optimal_strategy_ablation,w/o quality investment,去掉质量投资，预算转入双边补贴,long_term_no_quality,w/o quality investment,0.8,0.8,0.8,two_sided_targeted,0.875,1.0,tilted,0.0,51.77142857142858,137.14285714285717,0.0,34.444442469135886,8.112312306048835,188.91428571428574
1.0,0.95,0.05,0.95,0.05,0.0,0.975,0.95,120.63999999999965,0.0,47.142853877551204,0.40000000000098496,300,7908,-0.16000000000000003,95.52027127776796,0.0,0.08000000000000002,0.08000000000000002,optimal_strategy_ablation,replace by greedy,长期配比改为偏用户贪心配比,targeted_greedy,replace by greedy,0.8,0.8,0.8,two_sided_targeted,0.025000000000000022,0.0,A_lock,0.0,96.64000000000001,24.000000000000004,24.000000000000004,69.99999360000052,15.803844128345396,144.64000000000001
1.0,1.0,0.0,1.0,0.0,0.0,1.0,1.0,120.63999999999965,0.0,26.363635041322354,0.4000000000200737,300,7907,-0.16000000000000003,98.67217461561249,0.0,0.08000000000000002,0.08000000000000002,optimal_strategy_ablation,replace by greedy,长期配比改为偏用户贪心配比,targeted_greedy,replace by greedy,0.8,0.8,0.8,two_sided_targeted,0.0,0.0,A_lock,0.0,96.64000000000001,24.000000000000004,24.000000000000004,107499990.00000004,357157.2032573553,144.64000000000001
1.0,0.85,0.15,0.85,0.15,0.0,0.925,0.85,120.63999999999965,0.0,34.444442469135886,0.40000000000000313,300,7910,-0.16000000000000003,91.90950561233075,0.0,0.08000000000000002,0.08000000000000002,optimal_strategy_ablation,replace by greedy,长期配比改为偏用户贪心配比,targeted_greedy,replace by greedy,0.8,0.8,0.8,two_sided_targeted,0.07499999999999996,0.0,A_lock,0.0,96.64000000000001,24.000000000000004,24.000000000000004,89.999990000001,16.17716658780208,144.64000000000001
1.0,0.95,0.05,0.95,0.05,0.0,0.975,0.95,120.63999999999965,0.0,26.363635041322354,0.40000000000004865,300,7909,-0.16000000000000003,108.1201562468714,0.0,0.08000000000000002,0.08000000000000002,optimal_strategy_ablation,replace by greedy,长期配比改为偏用户贪心配比,targeted_greedy,replace by greedy,0.8,0.8,0.8,two_sided_targeted,0.025000000000000022,0.0,A_lock,0.0,96.64000000000001,24.000000000000004,24.000000000000004,56.66666222222253,13.737428473792223,144.64000000000001
1.0,0.55,0.45,0.55,0.45,0.0,0.775,0.55,132.23999999999972,0.0,18.571427755102068,1.19999999999999,300,7918,-0.56,115.11248398783421,0.0,0.32000000000000006,0.24,optimal_strategy_ablation,w/o network effect,去掉双边网络效应,targeted_long_term,w/o network effect,0.8,0.8,0.8,two_sided_targeted,0.22499999999999998,0.0,tilted,0.0,36.24,96.00000000000001,72.0,47.142853877551204,11.48923502141901,204.24
1.0,0.95,0.05,0.95,0.05,0.0,0.975,0.95,120.63999999999965,0.0,26.363635041322354,0.40000017019356965,300,7904,-0.16000000000000003,103.87931533997991,0.0,0.08000000000000002,0.08000000000000002,optimal_strategy_ablation,replace by greedy,长期配比改为偏用户贪心配比,targeted_greedy,replace by greedy,0.8,0.8,0.8,two_sided_targeted,0.025000000000000022,0.0,A_lock,0.0,96.64000000000001,24.000000000000004,24.000000000000004,69.99999360000052,14.333418452605018,144.64000000000001
1.0,0.85,0.15,0.85,0.15,0.0,0.925,0.85,120.63999999999965,0.0,16.666665955555576,0.40000000040931744,300,7906,-0.16000000000000003,105.67985549326231,0.0,0.08000000000000002,0.08000000000000002,optimal_strategy_ablation,replace by greedy,长期配比改为偏用户贪心配比,targeted_greedy,replace by greedy,0.8,0.8,0.8,two_sided_targeted,0.07499999999999996,0.0,A_lock,0.0,96.64000000000001,24.000000000000004,24.000000000000004,56.66666222222253,14.043444106154002,144.64000000000001
1.0,0.85,0.15,0.85,0.15,0.0,0.925,0.85,120.63999999999965,0.0,26.363635041322354,0.4000000083464451,300,7905,-0.16000000000000003,106.37448240893684,0.0,0.08000000000000002,0.08000000000000002,optimal_strategy_ablation,replace by greedy,长期配比改为偏用户贪心配比,targeted_greedy,replace by greedy,0.8,0.8,0.8,two_sided_targeted,0.07499999999999996,0.0,A_lock,0.0,96.64000000000001,24.000000000000004,24.000000000000004,132499989.99999996,440212.86583092203,144.64000000000001
0.0,0.2,0.8,0.2,0.8,0.0,0.1,0.8,131.91999999999973,20.76922982248524,0.0,1.19999999999999,300,7919,7.2,173.12564276204,0.24,0.32000000000000006,0.24,optimal_strategy_ablation,w/o heterogeneity,去掉个体异质性,targeted_long_term,w/o heterogeneity,0.8,0.8,0.8,two_sided_targeted,0.9,1.0,B_lock,1.0,36.24,95.68000000000002,72.0,26.363635041322354,7.336664467651291,203.92000000000002
0.0,0.2,0.8,0.2,0.8,0.0,0.1,0.8,131.91999999999973,18.571427755102068,0.0,1.19999999999999,300,7918,7.2,164.83481269043938,0.24,0.32000000000000006,0.24,optimal_strategy_ablation,w/o heterogeneity,去掉个体异质性,targeted_long_term,w/o heterogeneity,0.8,0.8,0.8,two_sided_targeted,0.9,1.0,B_lock,1.0,36.24,95.68000000000002,72.0,26.363635041322354,7.2803982465597405,203.92000000000002
0.0,0.2,0.8,0.2,0.8,0.0,0.1,0.8,132.23999999999972,56.66666222222253,0.0,1.1995189981417385,300,7901,7.2,114.67686927274487,0.24,0.32000000000000006,0.24,optimal_strategy_ablation,w/o network effect,去掉双边网络效应,targeted_long_term,w/o network effect,0.8,0.8,0.8,two_sided_targeted,0.9,1.0,B_lock,1.0,36.24,96.00000000000001,72.0,47.142853877551204,11.869451459022422,204.24
1.0,0.5,0.5,0.5,0.5,0.0,0.75,0.5,132.23999999999972,0.0,20.76922982248524,1.1901918211857434,300,7900,-0.56,102.77086110834388,0.0,0.32000000000000006,0.24,optimal_strategy_ablation,w/o network effect,去掉双边网络效应,targeted_long_term,w/o network effect,0.8,0.8,0.8,two_sided_targeted,0.25,0.0,tilted,0.0,36.24,96.00000000000001,72.0,56.66666222222253,12.765702782198803,204.24
0.0,0.45,0.55,0.45,0.55,0.0,0.225,0.55,132.23999999999972,39.99999750000012,0.0,1.19999999999999,300,7917,4.7,118.44397627110641,0.24,0.32000000000000006,0.24,optimal_strategy_ablation,w/o network effect,去掉双边网络效应,targeted_long_term,w/o network effect,0.8,0.8,0.8,two_sided_targeted,0.775,1.0,tilted,0.0,36.24,96.00000000000001,72.0,47.142853877551204,11.972021816380295,204.24
0.0,0.15,0.85,0.15,0.85,0.0,0.075,0.85,129.99999999999974,20.76922982248524,0.0,1.19999999999999,300,7915,7.7,167.1998073990802,0.24,0.32000000000000006,0.24,optimal_strategy_ablation,w/o heterogeneity,去掉个体异质性,targeted_long_term,w/o heterogeneity,0.8,0.8,0.8,two_sided_targeted,0.925,1.0,B_lock,1.0,36.24,93.76000000000002,72.0,26.363635041322354,6.998732680363662,202.00000000000003
0.0,0.2,0.8,0.2,0.8,0.0,0.1,0.8,130.63999999999976,20.76922982248524,0.0,1.19999999999999,300,7917,7.2,169.27684637727455,0.24,0.32000000000000006,0.24,optimal_strategy_ablation,w/o heterogeneity,去掉个体异质性,targeted_long_term,w/o heterogeneity,0.8,0.8,0.8,two_sided_targeted,0.9,1.0,B_lock,1.0,36.24,94.40000000000002,72.0,26.363635041322354,7.408370456546113,202.64000000000001
0.0,0.2,0.8,0.2,0.8,0.0,0.1,0.8,130.31999999999974,16.666665955555576,0.0,1.19999999999999,300,7916,7.2,174.6393241564287,0.24,0.32000000000000006,0.24,optimal_strategy_ablation,w/o heterogeneity,去掉个体异质性,targeted_long_term,w/o heterogeneity,0.8,0.8,0.8,two_sided_targeted,0.9,1.0,B_lock,1.0,36.24,94.08000000000001,72.0,23.33333222222226,6.951747898245732,202.32000000000002
0.0,0.0,1.0,0.0,1.0,0.0,0.0,1.0,168.0000000000005,20.76922982248524,0.0,1.1995189981417385,300,7901,9.2,165.85778614742432,0.24,0.32000000000000006,0.24,optimal_strategy_ablation,w/o targeting,去掉精准规则，改为统一补贴,targeted_long_term,w/o targeting,0.8,0.8,0.8,uniform,1.0,1.0,B_lock,1.0,72.0,96.00000000000001,72.0,23.33333222222226,6.979351161558756,240.0
1.0,0.7,0.3,0.7,0.3,0.0,0.85,0.7,168.0000000000005,0.0,14.999999375000016,1.1901918211857434,300,7900,-0.8,141.66750361671342,0.24,0.32000000000000006,0.24,optimal_strategy_ablation,w/o targeting,去掉精准规则，改为统一补贴,targeted_long_term,w/o targeting,0.8,0.8,0.8,uniform,0.15000000000000002,0.0,tilted,0.0,72.0,96.00000000000001,72.0,29.999994666667384,8.06367530756862,240.0
1.0,0.65,0.35,0.65,0.35,0.0,0.825,0.65,168.0000000000005,0.0,12.222221728395073,1.1999988431860629,300,7903,-0.8,163.61001157454467,0.24,0.32000000000000006,0.24,optimal_strategy_ablation,w/o targeting,去掉精准规则，改为统一补贴,targeted_long_term,w/o targeting,0.8,0.8,0.8,uniform,0.17500000000000004,0.0,tilted,0.0,72.0,96.00000000000001,72.0,18.571427755102068,6.902283421490758,240.0
0.0,0.2,0.8,0.2,0.8,0.0,0.1,0.8,168.0000000000005,14.999999375000016,0.0,1.1999764112388216,300,7902,7.2,155.05655375790144,0.24,0.32000000000000006,0.24,optimal_strategy_ablation,w/o targeting,去掉精准规则，改为统一补贴,targeted_long_term,w/o targeting,0.8,0.8,0.8,uniform,0.9,1.0,B_lock,1.0,72.0,96.00000000000001,72.0,29.99999840000006,7.8652393372871865,240.0
0.0,0.2,0.8,0.2,0.8,0.0,0.1,0.8,131.91999999999973,16.666665955555576,0.0,1.19999999999999,300,7917,7.2,166.82983467173275,0.24,0.32000000000000006,0.24,optimal_strategy_ablation,Full targeted long-term,完整：针对性长期补贴+质量投资+供给惩罚,targeted_long_term,Full targeted long-term,0.8,0.8,0.8,two_sided_targeted,0.9,1.0,B_lock,1.0,36.24,95.68000000000002,72.0,29.99999840000006,7.481220970771802,203.92000000000002
0.0,0.2,0.8,0.2,0.8,0.0,0.1,0.8,131.27999999999975,16.666665955555576,0.0,1.19999999999999,300,7916,7.2,169.5246406081433,0.24,0.32000000000000006,0.24,optimal_strategy_ablation,Full targeted long-term,完整：针对性长期补贴+质量投资+供给惩罚,targeted_long_term,Full targeted long-term,0.8,0.8,0.8,two_sided_targeted,0.9,1.0,B_lock,1.0,36.24,95.04000000000002,72.0,23.33333222222226,7.324336414220648,203.28000000000003
1.0,0.65,0.35,0.65,0.35,0.0,0.825,0.65,130.95999999999975,0.0,13.529411211072677,1.19999999999999,300,7919,-0.56,161.17185854322653,0.0,0.32000000000000006,0.24,optimal_strategy_ablation,Full targeted long-term,完整：针对性长期补贴+质量投资+供给惩罚,targeted_long_term,Full targeted long-term,0.8,0.8,0.8,two_sided_targeted,0.17500000000000004,0.0,tilted,0.0,36.24,94.72000000000001,72.0,23.33333222222226,7.305743268784379,202.96
0.0,0.35,0.65,0.35,0.65,0.0,0.175,0.65,131.83999999999972,20.76922982248524,0.0,1.19999999999999,300,7918,5.7,160.08952950768793,0.24,0.32000000000000006,0.24,optimal_strategy_ablation,Full targeted long-term,完整：针对性长期补贴+质量投资+供给惩罚,targeted_long_term,Full targeted long-term,0.8,0.8,0.8,two_sided_targeted,0.825,1.0,tilted,0.0,36.48,95.36000000000001,72.0,26.363635041322354,7.626970424594798,203.84
0.0,0.25,0.75,0.25,0.75,0.0,0.125,0.75,188.91428571428585,26.363635041322354,0.0,1.0,300,7904,6.699999999999999,150.28835972552412,0.3428571428571429,0.4571428571428573,0.0,optimal_strategy_ablation,w/o quality investment,去掉质量投资，预算转入双边补贴,long_term_no_quality,w/o quality investment,0.8,0.8,0.8,two_sided_targeted,0.875,1.0,tilted,0.0,51.77142857142858,137.14285714285717,0.0,26.363635041322354,8.483212206667924,188.91428571428574
1.0,0.85,0.15,0.85,0.15,0.0,0.925,0.85,188.91428571428585,0.0,14.999999375000016,1.0,300,7903,-0.45714285714285724,159.6991732260346,0.0,0.45714285714285724,0.0,optimal_strategy_ablation,w/o quality investment,去掉质量投资，预算转入双边补贴,long_term_no_quality,w/o quality investment,0.8,0.8,0.8,two_sided_targeted,0.07499999999999996,0.0,A_lock,0.0,51.77142857142858,137.14285714285717,0.0,20.76922982248524,7.68960470674201,188.91428571428574
1.0,0.75,0.25,0.75,0.25,0.0,0.875,0.75,188.91428571428585,0.0,12.222221728395073,1.0,300,7906,-0.45714285714285724,158.5244506979015,0.0,0.45714285714285724,0.0,optimal_strategy_ablation,w/o quality investment,去掉质量投资，预算转入双边补贴,long_term_no_quality,w/o quality investment,0.8,0.8,0.8,two_sided_targeted,0.125,0.0,tilted,0.0,51.77142857142858,137.14285714285717,0.0,26.363635041322354,7.942582752682251,188.91428571428574
1.0,0.65,0.35,0.65,0.35,0.0,0.825,0.65,188.457142857143,0.0,16.666665955555576,1.0,300,7905,-0.45714285714285724,150.55092559311484,0.0,0.45714285714285724,0.0,optimal_strategy_ablation,w/o quality investment,去掉质量投资，预算转入双边补贴,long_term_no_quality,w/o quality investment,0.8,0.8,0.8,two_sided_targeted,0.17500000000000004,0.0,tilted,0.0,51.77142857142858,136.6857142857143,0.0,26.363635041322354,8.194954934779242,188.45714285714288
1.0,0.75,0.25,0.75,0.25,0.0,0.875,0.75,188.457142857143,0.0,18.571427755102068,1.0,300,7900,-0.45714285714285724,146.80760988064452,0.0,0.45714285714285724,0.0,optimal_strategy_ablation,w/o quality investment,去掉质量投资，预算转入双边补贴,long_term_no_quality,w/o quality investment,0.8,0.8,0.8,two_sided_targeted,0.125,0.0,tilted,0.0,51.77142857142858,136.6857142857143,0.0,39.99999750000012,8.835447334386412,188.45714285714288
1.0,0.95,0.05,0.95,0.05,0.0,0.975,0.95,120.63999999999965,0.0,23.33333222222226,0.40000000000000313,300,7919,-0.16000000000000003,106.99023582957629,0.0,0.08000000000000002,0.08000000000000002,optimal_strategy_ablation,replace by greedy,长期配比改为偏用户贪心配比,targeted_greedy,replace by greedy,0.8,0.8,0.8,two_sided_targeted,0.025000000000000022,0.0,A_lock,0.0,96.64000000000001,24.000000000000004,24.000000000000004,56.66666222222253,13.91033250513792,144.64000000000001
0.0,0.35,0.65,0.35,0.65,0.0,0.175,0.65,188.91428571428585,20.76922982248524,0.0,1.0,300,7902,5.7,149.5002610356434,0.3428571428571429,0.45714285714285724,0.0,optimal_strategy_ablation,w/o quality investment,去掉质量投资，预算转入双边补贴,long_term_no_quality,w/o quality investment,0.8,0.8,0.8,two_sided_targeted,0.825,1.0,tilted,0.0,51.77142857142858,137.14285714285717,0.0,34.444442469135886,8.823203725117013,188.91428571428574
1.0,0.65,0.35,0.65,0.35,0.0,0.825,0.65,188.91428571428585,0.0,13.529411211072677,1.0,300,7901,-0.45714285714285724,158.9867665859782,0.0,0.45714285714285724,0.0,optimal_strategy_ablation,w/o quality investment,去掉质量投资，预算转入双边补贴,long_term_no_quality,w/o quality investment,0.8,0.8,0.8,two_sided_targeted,0.17500000000000004,0.0,tilted,0.0,51.77142857142858,137.14285714285717,0.0,26.363635041322354,7.732967014604895,188.91428571428574
0.0,0.45,0.55,0.45,0.55,0.0,0.225,0.55,120.63999999999965,11.052631135734082,0.0,0.40000000000000313,300,7916,4.699999999999999,108.86046300221527,0.6400000000000001,0.08000000000000002,0.08000000000000002,optimal_strategy_ablation,replace by greedy,长期配比改为偏用户贪心配比,targeted_greedy,replace by greedy,0.8,0.8,0.8,two_sided_targeted,0.775,1.0,tilted,0.0,96.64000000000001,24.000000000000004,24.000000000000004,56.66666222222253,14.144178407548187,144.64000000000001
0.0,0.45,0.55,0.45,0.55,0.0,0.225,0.55,120.63999999999965,9.99999960000001,0.0,0.40000000000000313,300,7915,4.699999999999999,97.53753254023827,0.6400000000000001,0.08000000000000002,0.08000000000000002,optimal_strategy_ablation,replace by greedy,长期配比改为偏用户贪心配比,targeted_greedy,replace by greedy,0.8,0.8,0.8,two_sided_targeted,0.775,1.0,tilted,0.0,96.64000000000001,24.000000000000004,24.000000000000004,69.99999360000052,15.436149511610195,144.64000000000001
0.0,0.55,0.45,0.55,0.45,0.0,0.275,0.55,120.63999999999965,13.529411211072677,0.0,0.40000000000000313,300,7918,3.6999999999999997,95.61049690772057,0.6400000000000001,0.08000000000000002,0.08000000000000002,optimal_strategy_ablation,replace by greedy,长期配比改为偏用户贪心配比,targeted_greedy,replace by greedy,0.8,0.8,0.8,two_sided_targeted,0.725,1.0,tilted,0.0,96.64000000000001,24.000000000000004,24.000000000000004,89.999990000001,15.395884865528801,144.64000000000001
0.0,0.45,0.55,0.45,0.55,0.0,0.225,0.55,120.63999999999965,12.222221728395073,0.0,0.40000000000000313,300,7917,4.699999999999999,116.93648672925762,0.6400000000000001,0.08000000000000002,0.08000000000000002,optimal_strategy_ablation,replace by greedy,长期配比改为偏用户贪心配比,targeted_greedy,replace by greedy,0.8,0.8,0.8,two_sided_targeted,0.775,1.0,tilted,0.0,96.64000000000001,24.000000000000004,24.000000000000004,56.66666222222253,13.06499794303565,144.64000000000001
1.0,0.85,0.15,0.85,0.15,0.0,0.925,0.85,120.63999999999965,0.0,56.66666222222253,0.40000000000000313,300,7912,-0.16000000000000003,85.71343546776662,0.0,0.08000000000000002,0.08000000000000002,optimal_strategy_ablation,replace by greedy,长期配比改为偏用户贪心配比,targeted_greedy,replace by greedy,0.8,0.8,0.8,two_sided_targeted,0.07499999999999996,0.0,A_lock,0.0,96.64000000000001,24.000000000000004,24.000000000000004,89.999990000001,17.047459596082042,144.64000000000001
0.0,0.5,0.5,0.5,0.5,0.0,0.25,0.5,121.27999999999965,11.052631135734082,0.0,0.40000000000000313,300,7911,4.199999999999999,84.24446137128584,0.6400000000000001,0.08000000000000002,0.08000000000000002,optimal_strategy_ablation,replace by greedy,长期配比改为偏用户贪心配比,targeted_greedy,replace by greedy,0.8,0.8,0.8,two_sided_targeted,0.75,1.0,tilted,0.0,97.28000000000002,24.000000000000004,24.000000000000004,89.999990000001,16.812782868515757,145.28000000000003
0.0,0.55,0.45,0.55,0.45,0.0,0.275,0.55,120.63999999999965,16.666665955555576,0.0,0.40000000000000313,300,7914,3.6999999999999997,114.55099235051523,0.6400000000000001,0.08000000000000002,0.08000000000000002,optimal_strategy_ablation,replace by greedy,长期配比改为偏用户贪心配比,targeted_greedy,replace by greedy,0.8,0.8,0.8,two_sided_targeted,0.725,1.0,tilted,0.0,96.64000000000001,24.000000000000004,24.000000000000004,56.66666222222253,13.426636941721966,144.64000000000001
0.0,0.35,0.65,0.35,0.65,0.0,0.175,0.65,121.27999999999965,12.222221728395073,0.0,0.40000000000000313,300,7913,5.699999999999999,113.38426367102645,0.6400000000000001,0.08000000000000002,0.08000000000000002,optimal_strategy_ablation,replace by greedy,长期配比改为偏用户贪心配比,targeted_greedy,replace by greedy,0.8,0.8,0.8,two_sided_targeted,0.825,1.0,tilted,0.0,97.28000000000002,24.000000000000004,24.000000000000004,47.142853877551204,13.246516527194691,145.28000000000003
